"Index","SPFB.SI.Open","SPFB.SI.High","SPFB.SI.Low","SPFB.SI.Close","SPFB.SI.Volume","SPFB.SI.IM","USDRUB","SPFB.SI.ret","IM","SPFB.SI.cret","cret"
2016-02-01 10:00:00,76412,77353,76412,77257,242919,5266,77.31,0,5266,0,0
2016-02-01 10:15:00,77257,77576,77105,77211,167666,5266,77.31,845,5266,845,845
2016-02-01 10:30:00,77204,77391,77138,77215,93107,5266,77.31,-53,5266,-53,-53
2016-02-01 10:45:00,77217,77320,77084,77216,94554,5266,77.31,13,5266,13,13
2016-02-01 11:00:00,77216,77650,77212,77413,236889,5266,77.31,-1,5266,-1,-1
2016-02-01 11:15:00,77412,77456,77185,77275,161465,5266,77.31,196,5266,196,196
2016-02-01 11:30:00,77276,77479,77226,77244,93808,5266,77.31,-136,5266,-136,-136
2016-02-01 11:45:00,77246,77271,76922,77243,142913,5266,77.31,-30,5266,-30,-30
2016-02-01 12:00:00,77242,77372,77153,77256,96826,5266,77.31,-4,5266,-4,-4
2016-02-01 12:15:00,77258,77258,76886,76892,119229,5266,77.31,16,5266,16,16
2016-02-01 12:30:00,76892,77034,76679,76918,156795,5266,77.31,-366,5266,-366,-366
2016-02-01 12:45:00,76917,77042,76768,77039,68068,5266,77.31,25,5266,25,25
2016-02-01 13:00:00,77039,77110,76701,76773,97547,5266,77.31,122,5266,122,122
2016-02-01 13:15:00,76775,76870,76730,76807,88632,5266,77.31,-264,5266,-264,-264
2016-02-01 13:30:00,76810,76876,76734,76814,77162,5266,77.31,35,5266,35,35
2016-02-01 13:45:00,76814,76900,76731,76793,45017,5266,77.31,4,5266,4,4
2016-02-01 14:04:00,76797,76857,76500,76542,92935,5266,77.31,-17,5266,-17,-17
2016-02-01 14:15:00,76541,76656,76426,76566,101007,5266,77.31,-256,5266,-256,-256
2016-02-01 14:30:00,76564,76629,76340,76566,110828,5266,77.31,23,5266,23,23
2016-02-01 14:45:00,76564,76850,76560,76781,105966,5266,77.31,0,5266,0,0
2016-02-01 15:00:00,76779,77070,76667,77054,115532,5266,77.31,215,5266,215,215
2016-02-01 15:15:00,77053,77265,76989,77152,173396,5266,77.31,274,5266,274,274
2016-02-01 15:30:00,77159,77324,77070,77150,113589,5266,77.31,106,5266,106,106
2016-02-01 15:45:00,77154,77300,76964,77098,88741,5266,77.31,-5,5266,-5,-5
2016-02-01 16:00:00,77098,77215,76990,77146,138326,5266,77.31,-56,5266,-56,-56
2016-02-01 16:15:00,77149,77273,77107,77243,78281,5266,77.31,51,5266,51,51
2016-02-01 16:30:00,77245,77467,77085,77254,182667,5266,77.31,96,5266,96,96
2016-02-01 16:45:00,77256,77485,77209,77400,102191,5266,77.31,11,5266,11,11
2016-02-01 17:00:00,77399,77453,77151,77283,128889,5266,77.31,143,5266,143,143
2016-02-01 17:15:00,77280,77351,77062,77102,113296,5266,77.31,-119,5266,-119,-119
2016-02-01 17:30:00,77097,77352,77074,77281,122685,5266,77.31,-183,5266,-183,-183
2016-02-01 17:45:00,77282,77620,77234,77378,212583,5266,77.31,185,5266,185,185
2016-02-01 18:00:00,77379,77581,77321,77365,150170,5266,77.31,97,5266,97,97
2016-02-01 18:15:00,77364,77413,77220,77361,108831,5266,77.31,-15,5266,-15,-15
2016-02-01 18:30:00,77367,77404,77238,77340,85611,5266,77.31,3,5266,3,3
2016-02-01 19:05:00,77375,77765,77375,77572,100578,5266,77.31,8,5266,8,8
2016-02-01 19:15:00,77565,77716,77530,77589,50088,5266,77.31,190,5266,190,190
2016-02-01 19:30:00,77595,77699,77511,77696,41012,5266,77.31,30,5266,30,30
2016-02-01 19:45:00,77697,77921,77634,77883,57797,5266,77.31,102,5266,102,102
2016-02-01 20:00:00,77883,78179,77836,78138,127135,5266,77.31,186,5266,186,186
2016-02-01 20:15:00,78133,78196,78082,78110,59802,5266,77.31,250,5266,250,250
2016-02-01 20:30:00,78111,78264,78073,78219,60955,5266,77.31,-22,5266,-22,-22
2016-02-01 20:45:00,78225,78383,78216,78319,51196,5266,77.31,114,5266,114,114
2016-02-01 21:00:00,78316,78386,78202,78339,56035,5266,77.31,91,5266,91,91
2016-02-01 21:15:00,78344,78390,78171,78200,46706,5266,77.31,28,5266,28,28
2016-02-01 21:30:00,78197,78319,78163,78211,36380,5266,77.31,-147,5266,-147,-147
2016-02-01 21:45:00,78212,78240,78011,78047,43498,5266,77.31,15,5266,15,15
2016-02-01 22:00:00,78047,78256,77931,78234,63607,5266,77.31,-165,5266,-165,-165
2016-02-01 22:15:00,78234,78264,78053,78097,45517,5266,77.31,187,5266,187,187
2016-02-01 22:30:00,78102,78128,78080,78101,24366,5266,77.31,-132,5266,-132,-132
2016-02-01 22:45:00,78105,78195,78100,78135,28532,5266,77.31,3,5266,3,3
2016-02-01 23:00:00,78138,78298,78123,78274,33540,5266,77.31,33,5266,33,33
2016-02-01 23:15:00,78275,78281,78229,78234,17679,5266,77.31,137,5266,137,137
2016-02-01 23:30:00,78237,78262,78217,78239,20681,5266,77.31,-38,5266,-38,-38
2016-02-01 23:45:00,78245,78280,78235,78250,10358,5266,77.31,8,5266,8,8
2016-02-02 10:00:00,78286,79173,78286,78819,245805,5266,79.755,41,5266,41,41
2016-02-02 10:15:00,78817,78919,78650,78867,204628,5266,79.755,531,5266,531,531
2016-02-02 10:30:00,78867,78924,78740,78894,90274,5266,79.755,50,5266,50,50
2016-02-02 10:45:00,78899,78947,78632,78663,159007,5266,79.755,32,5266,32,32
2016-02-02 11:00:00,78671,78900,78643,78752,113376,5266,79.755,-228,5266,-228,-228
2016-02-02 11:15:00,78752,78943,78665,78930,108623,5266,79.755,81,5266,81,81
2016-02-02 11:30:00,78930,79155,78916,79115,185619,5266,79.755,178,5266,178,178
2016-02-02 11:45:00,79117,79365,79109,79272,167914,5266,79.755,187,5266,187,187
2016-02-02 12:00:00,79273,79569,79245,79361,202226,5266,79.755,156,5266,156,156
2016-02-02 12:15:00,79362,79771,79272,79759,121991,5266,79.755,89,5266,89,89
2016-02-02 12:30:00,79763,79879,79666,79726,160943,5266,79.755,401,5266,401,401
2016-02-02 12:45:00,79726,80175,79720,80082,230053,5266,79.755,-37,5266,-37,-37
2016-02-02 13:00:00,80082,80190,79992,80137,133013,5266,79.755,356,5266,356,356
2016-02-02 13:15:00,80137,80768,80137,80456,299346,5266,79.755,55,5266,55,55
2016-02-02 13:30:00,80458,80530,80125,80161,165897,5266,79.755,321,5266,321,321
2016-02-02 13:45:00,80163,80425,80118,80354,125373,5266,79.755,-295,5266,-295,-295
2016-02-02 14:04:00,80354,80354,79843,79959,139434,5266,79.755,191,5266,191,191
2016-02-02 14:15:00,79959,80109,79739,79815,124344,5266,79.755,-395,5266,-395,-395
2016-02-02 14:30:00,79815,80109,79802,79991,87799,5266,79.755,-144,5266,-144,-144
2016-02-02 14:45:00,79993,80355,79990,80270,167312,5266,79.755,178,5266,178,178
2016-02-02 15:00:00,80272,80397,80042,80269,124649,5266,79.755,279,5266,279,279
2016-02-02 15:15:00,80266,80273,79876,80015,96220,5266,79.755,-6,5266,-6,-6
2016-02-02 15:30:00,80015,80171,79905,79935,99953,5266,79.755,-251,5266,-251,-251
2016-02-02 15:45:00,79938,80148,79821,79960,93678,5266,79.755,-77,5266,-77,-77
2016-02-02 16:00:00,79963,80121,79842,80023,117384,5266,79.755,25,5266,25,25
2016-02-02 16:15:00,80024,80324,79876,80318,133676,5266,79.755,61,5266,61,61
2016-02-02 16:30:00,80319,80553,80070,80171,342015,5266,79.755,295,5266,295,295
2016-02-02 16:45:00,80171,80419,80100,80412,165154,5266,79.755,-148,5266,-148,-148
2016-02-02 17:00:00,80413,80539,80168,80298,257948,5266,79.755,242,5266,242,242
2016-02-02 17:15:00,80296,80352,80033,80071,118840,5266,79.755,-117,5266,-117,-117
2016-02-02 17:30:00,80072,80295,80070,80250,173283,5266,79.755,-224,5266,-224,-224
2016-02-02 17:45:00,80251,80627,80209,80333,312433,5266,79.755,179,5266,179,179
2016-02-02 18:00:00,80333,80375,80037,80331,226151,5266,79.755,82,5266,82,82
2016-02-02 18:15:00,80337,80423,80140,80170,89800,5266,79.755,4,5266,4,4
2016-02-02 18:30:00,80172,80200,79837,79860,144639,5266,79.755,-165,5266,-165,-165
2016-02-02 19:00:00,79822,80024,79680,79757,92418,5266,79.755,-350,5266,-350,-350
2016-02-02 19:15:00,79756,79810,79522,79732,117827,5266,79.755,-66,5266,-66,-66
2016-02-02 19:30:00,79728,79858,79639,79805,66813,5266,79.755,-28,5266,-28,-28
2016-02-02 19:45:00,79811,79950,79790,79867,49379,5266,79.755,83,5266,83,83
2016-02-02 20:00:00,79867,80097,79800,80067,65300,5266,79.755,56,5266,56,56
2016-02-02 20:15:00,80067,80150,79944,80020,59537,5266,79.755,200,5266,200,200
2016-02-02 20:30:00,80024,80116,79900,79943,39216,5266,79.755,-43,5266,-43,-43
2016-02-02 20:45:00,79940,80013,79828,79982,34058,5266,79.755,-84,5266,-84,-84
2016-02-02 21:00:00,79976,80078,79948,80026,29353,5266,79.755,36,5266,36,36
2016-02-02 21:15:00,80024,80064,79857,79890,23401,5266,79.755,48,5266,48,48
2016-02-02 21:30:00,79890,80100,79887,80060,40692,5266,79.755,-134,5266,-134,-134
2016-02-02 21:45:00,80062,80343,80059,80311,74229,5266,79.755,172,5266,172,172
2016-02-02 22:00:00,80311,80324,80156,80219,38160,5266,79.755,249,5266,249,249
2016-02-02 22:15:00,80221,80387,80202,80381,40697,5266,79.755,-90,5266,-90,-90
2016-02-02 22:30:00,80381,80438,80308,80320,32898,5266,79.755,160,5266,160,160
2016-02-02 22:45:00,80325,80423,80226,80419,27171,5266,79.755,-56,5266,-56,-56
2016-02-02 23:00:00,80417,80523,80336,80507,41142,5266,79.755,92,5266,92,92
2016-02-02 23:15:00,80508,80586,80433,80538,45688,5266,79.755,91,5266,91,91
2016-02-02 23:30:00,80537,80650,80500,80611,37422,5266,79.755,29,5266,29,29
2016-02-02 23:45:00,80610,80713,80603,80699,19770,5266,79.755,73,5266,73,73
2016-02-03 10:00:00,80663,80810,80136,80146,264334,5266,76.904,53,5266,53,53
2016-02-03 10:15:00,80148,80374,80034,80271,137254,5266,76.904,-515,5266,-515,-515
2016-02-03 10:30:00,80272,80406,80096,80240,98557,5266,76.904,124,5266,124,124
2016-02-03 10:45:00,80239,80239,79922,79933,184661,5266,76.904,-33,5266,-33,-33
2016-02-03 11:00:00,79931,80190,79754,80172,189421,5266,76.904,-308,5266,-308,-308
2016-02-03 11:15:00,80168,80252,79811,79972,171166,5266,76.904,237,5266,237,237
2016-02-03 11:30:00,79969,80036,79488,79577,186830,5266,76.904,-199,5266,-199,-199
2016-02-03 11:45:00,79579,79609,79153,79309,304443,5266,76.904,-390,5266,-390,-390
2016-02-03 12:00:00,79309,79344,78968,79250,216318,5266,76.904,-270,5266,-270,-270
2016-02-03 12:15:00,79251,79355,79113,79315,120507,5266,76.904,-58,5266,-58,-58
2016-02-03 12:30:00,79318,79510,79281,79396,120664,5266,76.904,67,5266,67,67
2016-02-03 12:45:00,79396,79630,79390,79592,99013,5266,76.904,78,5266,78,78
2016-02-03 13:00:00,79596,79767,79564,79697,123002,5266,76.904,200,5266,200,200
2016-02-03 13:15:00,79693,79735,79448,79455,96905,5266,76.904,97,5266,97,97
2016-02-03 13:30:00,79452,79500,79222,79468,122208,5266,76.904,-241,5266,-241,-241
2016-02-03 13:45:00,79465,79673,79391,79608,79593,5266,76.904,13,5266,13,13
2016-02-03 14:04:00,79601,79601,79302,79312,60526,5266,76.904,136,5266,136,136
2016-02-03 14:15:00,79308,79346,79026,79162,127741,5266,76.904,-293,5266,-293,-293
2016-02-03 14:30:00,79157,79255,79000,79086,109097,5266,76.904,-151,5266,-151,-151
2016-02-03 14:45:00,79087,79279,78900,78918,144906,5266,76.904,-70,5266,-70,-70
2016-02-03 15:00:00,78919,79074,78777,79040,145320,5266,76.904,-168,5266,-168,-168
2016-02-03 15:15:00,79040,79179,79000,79126,114880,5266,76.904,121,5266,121,121
2016-02-03 15:30:00,79126,79291,79010,79263,75958,5266,76.904,86,5266,86,86
2016-02-03 15:45:00,79260,79390,79104,79350,94080,5266,76.904,134,5266,134,134
2016-02-03 16:00:00,79350,79548,79323,79520,104755,5266,76.904,90,5266,90,90
2016-02-03 16:15:00,79517,79593,79251,79289,149626,5266,76.904,167,5266,167,167
2016-02-03 16:30:00,79290,79467,79206,79343,105494,5266,76.904,-227,5266,-227,-227
2016-02-03 16:45:00,79342,79370,78915,78995,148793,5266,76.904,52,5266,52,52
2016-02-03 17:00:00,78996,79063,78750,78964,216154,5266,76.904,-346,5266,-346,-346
2016-02-03 17:15:00,78965,79135,78883,78999,117915,5266,76.904,-31,5266,-31,-31
2016-02-03 17:30:00,78997,79376,78941,79237,144303,5266,76.904,32,5266,32,32
2016-02-03 17:45:00,79235,79423,79190,79309,128006,5266,76.904,238,5266,238,238
2016-02-03 18:00:00,79310,79828,79253,79769,249662,5266,76.904,75,5266,75,75
2016-02-03 18:15:00,79765,79856,79704,79759,129908,5266,76.904,455,5266,455,455
2016-02-03 18:30:00,79759,80241,79759,79799,357302,5266,76.904,-6,5266,-6,-6
2016-02-03 19:00:00,79769,79769,79206,79316,215675,5266,76.904,10,5266,10,10
2016-02-03 19:15:00,79314,79407,78847,79085,181111,5266,76.904,-455,5266,-455,-455
2016-02-03 19:30:00,79086,79219,78861,78974,118776,5266,76.904,-228,5266,-228,-228
2016-02-03 19:45:00,78966,79091,78877,79001,72442,5266,76.904,-120,5266,-120,-120
2016-02-03 20:00:00,79004,79100,78856,79078,80402,5266,76.904,38,5266,38,38
2016-02-03 20:15:00,79079,79131,78927,79021,49148,5266,76.904,75,5266,75,75
2016-02-03 20:30:00,79021,79279,79011,79164,64835,5266,76.904,-58,5266,-58,-58
2016-02-03 20:45:00,79162,79226,78898,78935,44477,5266,76.904,141,5266,141,141
2016-02-03 21:00:00,78931,79050,78850,78913,61407,5266,76.904,-231,5266,-231,-231
2016-02-03 21:15:00,78909,78990,78877,78895,33012,5266,76.904,-22,5266,-22,-22
2016-02-03 21:30:00,78893,78984,78865,78902,42368,5266,76.904,-16,5266,-16,-16
2016-02-03 21:45:00,78900,78914,78441,78488,126930,5266,76.904,7,5266,7,7
2016-02-03 22:00:00,78488,78585,78185,78382,104337,5266,76.904,-412,5266,-412,-412
2016-02-03 22:15:00,78384,78513,77891,77984,109085,5266,76.904,-104,5266,-104,-104
2016-02-03 22:30:00,77979,78077,77847,77872,66031,5266,76.904,-405,5266,-405,-405
2016-02-03 22:45:00,77872,77967,77680,77710,100313,5266,76.904,-107,5266,-107,-107
2016-02-03 23:00:00,77708,77746,77479,77651,73070,5266,76.904,-164,5266,-164,-164
2016-02-03 23:15:00,77658,77950,77615,77899,54099,5266,76.904,-50,5266,-50,-50
2016-02-03 23:30:00,77893,77986,77813,77891,37273,5266,76.904,235,5266,235,235
2016-02-03 23:45:00,77890,77906,77633,77700,16521,5266,76.904,-3,5266,-3,-3
2016-02-04 10:00:00,77624,77624,76605,76868,311001,5266,76.904,-266,5266,-266,-266
2016-02-04 10:15:00,76872,77334,76731,77227,180149,5266,76.904,-752,5266,-752,-752
2016-02-04 10:30:00,77226,77370,77139,77344,131839,5266,76.904,354,5266,354,354
2016-02-04 10:45:00,77341,77474,77192,77350,134693,5266,76.904,115,5266,115,115
2016-02-04 11:00:00,77351,77890,77240,77787,238224,5266,76.904,10,5266,10,10
2016-02-04 11:15:00,77789,78150,77645,77671,238994,5266,76.904,438,5266,438,438
2016-02-04 11:30:00,77669,77803,77473,77691,150225,5266,76.904,-120,5266,-120,-120
2016-02-04 11:45:00,77690,77915,77629,77736,150370,5266,76.904,21,5266,21,21
2016-02-04 12:00:00,77736,77890,77514,77560,134545,5266,76.904,46,5266,46,46
2016-02-04 12:15:00,77561,77727,77341,77393,144024,5266,76.904,-175,5266,-175,-175
2016-02-04 12:30:00,77390,77520,76910,76984,166625,5266,76.904,-171,5266,-171,-171
2016-02-04 12:45:00,76981,77239,76936,77058,121242,5266,76.904,-409,5266,-409,-409
2016-02-04 13:00:00,77057,77464,76955,77420,128454,5266,76.904,76,5266,76,76
2016-02-04 13:15:00,77422,77555,77088,77294,116782,5266,76.904,365,5266,365,365
2016-02-04 13:30:00,77290,77540,77237,77321,80552,5266,76.904,-132,5266,-132,-132
2016-02-04 13:45:00,77318,77459,77153,77284,66081,5266,76.904,28,5266,28,28
2016-02-04 14:04:00,77290,77615,77290,77450,106933,5266,76.904,-28,5266,-28,-28
2016-02-04 14:15:00,77448,77490,77187,77318,71691,5266,76.904,158,5266,158,158
2016-02-04 14:30:00,77316,77655,77216,77530,122387,5266,76.904,-132,5266,-132,-132
2016-02-04 14:45:00,77532,77833,77516,77656,98924,5266,76.904,216,5266,216,216
2016-02-04 15:00:00,77656,77692,77354,77418,99933,5266,76.904,124,5266,124,124
2016-02-04 15:15:00,77414,77510,77300,77378,83521,5266,76.904,-242,5266,-242,-242
2016-02-04 15:30:00,77375,77733,77364,77619,132527,5266,76.904,-39,5266,-39,-39
2016-02-04 15:45:00,77616,77692,77415,77645,84855,5266,76.904,241,5266,241,241
2016-02-04 16:00:00,77645,77844,77620,77633,177559,5266,76.904,29,5266,29,29
2016-02-04 16:15:00,77633,77720,77380,77568,114907,5266,76.904,-12,5266,-12,-12
2016-02-04 16:30:00,77569,77585,77244,77434,151418,5266,76.904,-64,5266,-64,-64
2016-02-04 16:45:00,77437,77667,77391,77412,107703,5266,76.904,-132,5266,-132,-132
2016-02-04 17:00:00,77411,77444,76837,77053,303680,5266,76.904,-26,5266,-26,-26
2016-02-04 17:15:00,77051,77178,76421,76597,320385,5266,76.904,-360,5266,-360,-360
2016-02-04 17:30:00,76595,76775,76329,76728,344825,5266,76.904,-456,5266,-456,-456
2016-02-04 17:45:00,76725,76752,76356,76530,231677,5266,76.904,130,5266,130,130
2016-02-04 18:00:00,76531,76790,76529,76648,171078,5266,76.904,-194,5266,-194,-194
2016-02-04 18:15:00,76650,76736,76434,76593,99523,5266,76.904,119,5266,119,119
2016-02-04 18:30:00,76594,76925,76581,76852,104722,5266,76.904,-56,5266,-56,-56
2016-02-04 19:00:00,76890,77424,76890,77414,140831,5266,76.904,296,5266,296,296
2016-02-04 19:15:00,77410,77419,77021,77144,97526,5266,76.904,520,5266,520,520
2016-02-04 19:30:00,77137,77489,77121,77438,78562,5266,76.904,-273,5266,-273,-273
2016-02-04 19:45:00,77444,77512,77227,77316,88671,5266,76.904,307,5266,307,307
2016-02-04 20:00:00,77314,77435,77047,77158,60625,5266,76.904,-130,5266,-130,-130
2016-02-04 20:15:00,77161,77234,76970,77137,59280,5266,76.904,-153,5266,-153,-153
2016-02-04 20:30:00,77135,77270,77021,77075,48438,5266,76.904,-26,5266,-26,-26
2016-02-04 20:45:00,77074,77220,77022,77151,38696,5266,76.904,-61,5266,-61,-61
2016-02-04 21:00:00,77146,77330,77074,77237,44131,5266,76.904,72,5266,72,72
2016-02-04 21:15:00,77234,77328,77204,77267,39901,5266,76.904,88,5266,88,88
2016-02-04 21:30:00,77274,77378,77133,77332,46432,5266,76.904,40,5266,40,40
2016-02-04 21:45:00,77339,77702,77314,77580,73367,5266,76.904,65,5266,65,65
2016-02-04 22:00:00,77580,77787,77546,77594,69724,5266,76.904,241,5266,241,241
2016-02-04 22:15:00,77597,77700,77400,77688,61784,5266,76.904,17,5266,17,17
2016-02-04 22:30:00,77688,77709,77525,77624,29730,5266,76.904,91,5266,91,91
2016-02-04 22:45:00,77625,77697,77555,77581,21170,5266,76.904,-63,5266,-63,-63
2016-02-04 23:00:00,77583,77746,77580,77649,27417,5266,76.904,-42,5266,-42,-42
2016-02-04 23:15:00,77648,77658,77556,77646,22301,5266,76.904,65,5266,65,65
2016-02-04 23:30:00,77642,77731,77617,77650,20945,5266,76.904,-6,5266,-6,-6
2016-02-04 23:45:00,77646,77830,77644,77830,13657,5266,76.904,4,5266,4,4
2016-02-05 10:00:00,77732,78100,77601,77902,170745,5266,76.904,86,5266,86,86
2016-02-05 10:15:00,77904,78126,77844,77891,111777,5266,76.904,172,5266,172,172
2016-02-05 10:30:00,77893,78269,77890,78132,166054,5266,76.904,-11,5266,-11,-11
2016-02-05 10:45:00,78132,78180,77925,78015,57190,5266,76.904,239,5266,239,239
2016-02-05 11:00:00,78013,78358,78006,78107,188467,5266,76.904,-119,5266,-119,-119
2016-02-05 11:15:00,78106,78445,78100,78242,148245,5266,76.904,93,5266,93,93
2016-02-05 11:30:00,78246,78337,78132,78301,98773,5266,76.904,140,5266,140,140
2016-02-05 11:45:00,78299,78308,78079,78211,92554,5266,76.904,53,5266,53,53
2016-02-05 12:00:00,78206,78241,77739,77781,140765,5266,76.904,-93,5266,-93,-93
2016-02-05 12:15:00,77778,77932,77651,77777,137902,5266,76.904,-428,5266,-428,-428
2016-02-05 12:30:00,77775,77792,77298,77304,214194,5266,76.904,-3,5266,-3,-3
2016-02-05 12:45:00,77301,77449,77154,77437,170398,5266,76.904,-474,5266,-474,-474
2016-02-05 13:00:00,77437,77622,77353,77582,101188,5266,76.904,136,5266,136,136
2016-02-05 13:15:00,77581,77662,77330,77594,80090,5266,76.904,144,5266,144,144
2016-02-05 13:30:00,77592,77848,77584,77629,116157,5266,76.904,11,5266,11,11
2016-02-05 13:45:00,77629,77730,77497,77709,79468,5266,76.904,37,5266,37,37
2016-02-05 14:04:00,77714,77859,77690,77765,70773,5266,76.904,85,5266,85,85
2016-02-05 14:15:00,77764,77893,77570,77594,87180,5266,76.904,50,5266,50,50
2016-02-05 14:30:00,77594,77651,77376,77527,94150,5266,76.904,-170,5266,-170,-170
2016-02-05 14:45:00,77522,77650,77355,77604,55613,5266,76.904,-72,5266,-72,-72
2016-02-05 15:00:00,77605,77687,77310,77525,78548,5266,76.904,83,5266,83,83
2016-02-05 15:15:00,77524,77703,77433,77563,75247,5266,76.904,-81,5266,-81,-81
2016-02-05 15:30:00,77564,77775,77479,77618,60192,5266,76.904,40,5266,40,40
2016-02-05 15:45:00,77613,77707,77510,77564,55116,5266,76.904,49,5266,49,49
2016-02-05 16:00:00,77566,77588,77364,77535,88090,5266,76.904,-47,5266,-47,-47
2016-02-05 16:15:00,77531,77695,77350,77486,107732,5266,76.904,-35,5266,-35,-35
2016-02-05 16:30:00,77486,78052,77110,78018,461227,5266,76.904,-45,5266,-45,-45
2016-02-05 16:45:00,78018,78190,77700,78039,202338,5266,76.904,532,5266,532,532
2016-02-05 17:00:00,78043,78178,77850,78060,195255,5266,76.904,25,5266,25,25
2016-02-05 17:15:00,78061,78237,77916,77931,136388,5266,76.904,18,5266,18,18
2016-02-05 17:30:00,77928,78386,77927,78236,141698,5266,76.904,-133,5266,-133,-133
2016-02-05 17:45:00,78238,78548,78206,78353,218089,5266,76.904,310,5266,310,310
2016-02-05 18:00:00,78352,78357,77960,78060,155818,5266,76.904,114,5266,114,114
2016-02-05 18:15:00,78065,78230,77877,78161,125301,5266,76.904,-287,5266,-287,-287
2016-02-05 18:30:00,78163,78286,77883,77996,111237,5266,76.904,98,5266,98,98
2016-02-05 19:00:00,78029,78184,77984,78073,58938,5266,76.904,-134,5266,-134,-134
2016-02-05 19:15:00,78076,78356,78043,78161,65309,5266,76.904,47,5266,47,47
2016-02-05 19:30:00,78159,78198,78050,78134,35306,5266,76.904,83,5266,83,83
2016-02-05 19:45:00,78133,78226,78083,78162,28022,5266,76.904,-26,5266,-26,-26
2016-02-05 20:00:00,78165,78314,78037,78230,32000,5266,76.904,32,5266,32,32
2016-02-05 20:15:00,78238,78295,78141,78222,28360,5266,76.904,73,5266,73,73
2016-02-05 20:30:00,78223,78264,78153,78210,23504,5266,76.904,-15,5266,-15,-15
2016-02-05 20:45:00,78210,78269,78150,78185,26749,5266,76.904,-13,5266,-13,-13
2016-02-05 21:00:00,78191,78191,77927,78063,66552,5266,76.904,-19,5266,-19,-19
2016-02-05 21:15:00,78059,78100,77900,77947,48932,5266,76.904,-132,5266,-132,-132
2016-02-05 21:30:00,77942,78040,77910,77955,27962,5266,76.904,-117,5266,-117,-117
2016-02-05 21:45:00,77955,78088,77930,77996,33743,5266,76.904,13,5266,13,13
2016-02-05 22:00:00,77994,78117,77966,78076,32164,5266,76.904,39,5266,39,39
2016-02-05 22:15:00,78079,78240,78039,78228,36932,5266,76.904,85,5266,85,85
2016-02-05 22:30:00,78227,78391,78216,78371,34047,5266,76.904,148,5266,148,148
2016-02-05 22:45:00,78374,78384,78256,78344,24436,5266,76.904,147,5266,147,147
2016-02-05 23:00:00,78345,78400,78221,78249,25475,5266,76.904,-29,5266,-29,-29
2016-02-05 23:15:00,78250,78305,78240,78272,13373,5266,76.904,-95,5266,-95,-95
2016-02-05 23:30:00,78272,78330,78228,78265,20765,5266,76.904,22,5266,22,22
2016-02-05 23:45:00,78271,78298,78243,78286,7134,5266,76.904,-1,5266,-1,-1
2016-02-08 10:00:00,78256,78256,77281,77597,208384,5266,76.904,-15,5266,-15,-15
2016-02-08 10:15:00,77597,77743,77514,77594,84905,5266,76.904,-659,5266,-659,-659
2016-02-08 10:30:00,77597,77681,77517,77667,68078,5266,76.904,0,5266,0,0
2016-02-08 10:45:00,77663,77908,77613,77818,97461,5266,76.904,66,5266,66,66
2016-02-08 11:00:00,77817,77872,77602,77612,137982,5266,76.904,154,5266,154,154
2016-02-08 11:15:00,77612,77680,77249,77461,188305,5266,76.904,-205,5266,-205,-205
2016-02-08 11:30:00,77461,77493,77211,77251,125800,5266,76.904,-151,5266,-151,-151
2016-02-08 11:45:00,77252,77377,77116,77310,144753,5266,76.904,-209,5266,-209,-209
2016-02-08 12:00:00,77308,77484,77273,77422,117559,5266,76.904,56,5266,56,56
2016-02-08 12:15:00,77428,77613,77390,77538,101291,5266,76.904,120,5266,120,120
2016-02-08 12:30:00,77539,77829,77525,77749,171351,5266,76.904,111,5266,111,111
2016-02-08 12:45:00,77753,77887,77634,77751,167615,5266,76.904,214,5266,214,214
2016-02-08 13:00:00,77752,77899,77582,77729,157523,5266,76.904,-1,5266,-1,-1
2016-02-08 13:15:00,77729,77945,77718,77873,109379,5266,76.904,-23,5266,-23,-23
2016-02-08 13:30:00,77872,77900,77570,77688,78902,5266,76.904,143,5266,143,143
2016-02-08 13:45:00,77687,77885,77645,77820,49320,5266,76.904,-185,5266,-185,-185
2016-02-08 14:04:00,77820,77889,77715,77860,45148,5266,76.904,133,5266,133,133
2016-02-08 14:15:00,77863,78074,77815,77840,122808,5266,76.904,43,5266,43,43
2016-02-08 14:30:00,77841,77927,77712,77774,73602,5266,76.904,-22,5266,-22,-22
2016-02-08 14:45:00,77776,77887,77676,77699,59451,5266,76.904,-65,5266,-65,-65
2016-02-08 15:00:00,77700,77809,77668,77769,71315,5266,76.904,-76,5266,-76,-76
2016-02-08 15:15:00,77769,77895,77671,77777,72244,5266,76.904,69,5266,69,69
2016-02-08 15:30:00,77776,78111,77718,78084,109438,5266,76.904,7,5266,7,7
2016-02-08 15:45:00,78085,78276,78054,78256,143476,5266,76.904,309,5266,309,309
2016-02-08 16:00:00,78260,78302,78077,78090,158651,5266,76.904,175,5266,175,175
2016-02-08 16:15:00,78090,78210,77927,77979,92492,5266,76.904,-170,5266,-170,-170
2016-02-08 16:30:00,77980,78065,77911,77996,94346,5266,76.904,-110,5266,-110,-110
2016-02-08 16:45:00,77995,78271,77957,78055,130182,5266,76.904,15,5266,15,15
2016-02-08 17:00:00,78053,78064,77875,78026,162486,5266,76.904,58,5266,58,58
2016-02-08 17:15:00,78019,78083,77787,77866,131321,5266,76.904,-34,5266,-34,-34
2016-02-08 17:30:00,77862,78320,77830,78147,179789,5266,76.904,-157,5266,-157,-157
2016-02-08 17:45:00,78147,78496,78114,78396,218463,5266,76.904,285,5266,285,285
2016-02-08 18:00:00,78396,78600,78264,78535,172655,5266,76.904,249,5266,249,249
2016-02-08 18:15:00,78535,79024,78531,79021,229094,5266,76.904,139,5266,139,139
2016-02-08 18:30:00,79026,79117,78733,78958,326370,5266,76.904,491,5266,491,491
2016-02-08 19:00:00,78980,79360,78870,79289,193703,5266,76.904,-46,5266,-46,-46
2016-02-08 19:15:00,79287,79418,79018,79093,100696,5266,76.904,307,5266,307,307
2016-02-08 19:30:00,79097,79241,79016,79226,67197,5266,76.904,-190,5266,-190,-190
2016-02-08 19:45:00,79225,79386,79117,79166,64220,5266,76.904,128,5266,128,128
2016-02-08 20:00:00,79166,79324,79107,79310,33430,5266,76.904,-59,5266,-59,-59
2016-02-08 20:15:00,79310,79337,79131,79135,39315,5266,76.904,144,5266,144,144
2016-02-08 20:30:00,79134,79254,79094,79212,36535,5266,76.904,-176,5266,-176,-176
2016-02-08 20:45:00,79217,79354,79190,79303,30175,5266,76.904,83,5266,83,83
2016-02-08 21:00:00,79301,79589,79283,79556,49540,5266,76.904,84,5266,84,84
2016-02-08 21:15:00,79557,79602,79440,79481,46612,5266,76.904,256,5266,256,256
2016-02-08 21:30:00,79486,79586,79419,79550,38416,5266,76.904,-71,5266,-71,-71
2016-02-08 21:45:00,79546,79798,79539,79784,70691,5266,76.904,60,5266,60,60
2016-02-08 22:00:00,79787,79800,79670,79773,50722,5266,76.904,241,5266,241,241
2016-02-08 22:15:00,79773,79815,79710,79807,64144,5266,76.904,-14,5266,-14,-14
2016-02-08 22:30:00,79810,79879,79533,79648,63940,5266,76.904,37,5266,37,37
2016-02-08 22:45:00,79647,79682,79573,79646,26391,5266,76.904,-163,5266,-163,-163
2016-02-08 23:00:00,79646,79706,79551,79606,34016,5266,76.904,-1,5266,-1,-1
2016-02-08 23:15:00,79610,79693,79556,79597,23386,5266,76.904,-36,5266,-36,-36
2016-02-08 23:30:00,79600,79604,79338,79383,35075,5266,76.904,-10,5266,-10,-10
2016-02-08 23:45:00,79377,79419,79294,79345,17859,5266,76.904,-223,5266,-223,-223
2016-02-09 10:00:00,79352,80056,79352,79880,238710,5266,76.904,-25,5266,-25,-25
2016-02-09 10:15:00,79876,79906,79525,79526,127072,5266,76.904,524,5266,524,524
2016-02-09 10:30:00,79527,79540,79256,79412,181406,5266,76.904,-349,5266,-349,-349
2016-02-09 10:45:00,79416,79465,79097,79291,159518,5266,76.904,-111,5266,-111,-111
2016-02-09 11:00:00,79292,79420,78901,78946,241241,5266,76.904,-124,5266,-124,-124
2016-02-09 11:15:00,78946,79383,78897,79325,183106,5266,76.904,-346,5266,-346,-346
2016-02-09 11:30:00,79326,79400,79047,79223,128413,5266,76.904,380,5266,380,380
2016-02-09 11:45:00,79223,79236,78981,79019,94837,5266,76.904,-103,5266,-103,-103
2016-02-09 12:00:00,79017,79289,78983,79134,135176,5266,76.904,-206,5266,-206,-206
2016-02-09 12:15:00,79137,79269,79032,79136,96998,5266,76.904,120,5266,120,120
2016-02-09 12:30:00,79137,79287,79048,79284,99766,5266,76.904,0,5266,0,0
2016-02-09 12:45:00,79282,79450,79229,79361,103426,5266,76.904,145,5266,145,145
2016-02-09 13:00:00,79365,79400,79244,79258,54562,5266,76.904,83,5266,83,83
2016-02-09 13:15:00,79260,79446,79122,79291,100941,5266,76.904,-105,5266,-105,-105
2016-02-09 13:30:00,79289,79386,79227,79251,43544,5266,76.904,29,5266,29,29
2016-02-09 13:45:00,79251,79252,78809,78986,158816,5266,76.904,-38,5266,-38,-38
2016-02-09 14:04:00,78985,79079,78900,79031,48310,5266,76.904,-266,5266,-266,-266
2016-02-09 14:15:00,79030,79178,78985,79164,68475,5266,76.904,45,5266,45,45
2016-02-09 14:30:00,79169,79438,79137,79363,115043,5266,76.904,139,5266,139,139
2016-02-09 14:45:00,79362,79381,79180,79225,73286,5266,76.904,193,5266,193,193
2016-02-09 15:00:00,79224,79414,79223,79343,78275,5266,76.904,-138,5266,-138,-138
2016-02-09 15:15:00,79346,79485,79305,79434,90516,5266,76.904,122,5266,122,122
2016-02-09 15:30:00,79434,79642,79376,79568,99397,5266,76.904,88,5266,88,88
2016-02-09 15:45:00,79574,79845,79562,79658,120327,5266,76.904,140,5266,140,140
2016-02-09 16:00:00,79663,79758,79393,79425,109014,5266,76.904,89,5266,89,89
2016-02-09 16:15:00,79420,79780,79393,79736,129632,5266,76.904,-243,5266,-243,-243
2016-02-09 16:30:00,79737,79870,79656,79765,160399,5266,76.904,317,5266,317,317
2016-02-09 16:45:00,79761,79787,79422,79431,110148,5266,76.904,24,5266,24,24
2016-02-09 17:00:00,79431,79683,79322,79440,162389,5266,76.904,-330,5266,-330,-330
2016-02-09 17:15:00,79442,79630,79420,79529,113710,5266,76.904,11,5266,11,11
2016-02-09 17:30:00,79530,79634,79300,79527,146282,5266,76.904,88,5266,88,88
2016-02-09 17:45:00,79529,79550,79061,79170,197146,5266,76.904,-1,5266,-1,-1
2016-02-09 18:00:00,79170,79277,78811,79001,184549,5266,76.904,-359,5266,-359,-359
2016-02-09 18:15:00,79001,79228,78950,79098,106866,5266,76.904,-169,5266,-169,-169
2016-02-09 18:30:00,79096,79519,79094,79468,130163,5266,76.904,95,5266,95,95
2016-02-09 19:00:00,79525,79622,79283,79327,113008,5266,76.904,429,5266,429,429
2016-02-09 19:15:00,79323,79399,79093,79333,86614,5266,76.904,-202,5266,-202,-202
2016-02-09 19:30:00,79330,79514,79228,79395,94021,5266,76.904,7,5266,7,7
2016-02-09 19:45:00,79392,79725,79329,79677,74873,5266,76.904,62,5266,62,62
2016-02-09 20:00:00,79682,79776,79530,79713,87833,5266,76.904,290,5266,290,290
2016-02-09 20:15:00,79713,79944,79669,79919,114812,5266,76.904,31,5266,31,31
2016-02-09 20:30:00,79919,79982,79850,79898,88365,5266,76.904,206,5266,206,206
2016-02-09 20:45:00,79900,80315,79872,80225,155042,5266,76.904,-19,5266,-19,-19
2016-02-09 21:00:00,80223,80564,80181,80553,146709,5266,76.904,323,5266,323,323
2016-02-09 21:15:00,80551,80639,80426,80538,122684,5266,76.904,328,5266,328,328
2016-02-09 21:30:00,80544,80747,80380,80592,93873,5266,76.904,-7,5266,-7,-7
2016-02-09 21:45:00,80592,80666,80356,80465,78863,5266,76.904,48,5266,48,48
2016-02-09 22:00:00,80465,80601,80423,80497,69300,5266,76.904,-127,5266,-127,-127
2016-02-09 22:15:00,80494,80760,80400,80657,81226,5266,76.904,29,5266,29,29
2016-02-09 22:30:00,80658,80676,80460,80484,39608,5266,76.904,164,5266,164,164
2016-02-09 22:45:00,80484,80565,80458,80466,37927,5266,76.904,-174,5266,-174,-174
2016-02-09 23:00:00,80460,80490,80317,80362,66063,5266,76.904,-24,5266,-24,-24
2016-02-09 23:15:00,80360,80550,80355,80513,42938,5266,76.904,-100,5266,-100,-100
2016-02-09 23:30:00,80512,80523,80383,80408,25397,5266,76.904,152,5266,152,152
2016-02-09 23:45:00,80410,80531,80402,80471,15326,5266,76.904,-102,5266,-102,-102
2016-02-10 10:00:00,80450,80450,79754,79788,221546,5266,76.904,40,5266,40,40
2016-02-10 10:15:00,79793,79840,79500,79540,188539,5266,76.904,-657,5266,-657,-657
2016-02-10 10:30:00,79539,79848,79472,79782,129816,5266,76.904,-254,5266,-254,-254
2016-02-10 10:45:00,79782,79912,79626,79908,103336,5266,76.904,243,5266,243,243
2016-02-10 11:00:00,79907,79939,79553,79572,135454,5266,76.904,125,5266,125,125
2016-02-10 11:15:00,79571,79877,79570,79650,149186,5266,76.904,-336,5266,-336,-336
2016-02-10 11:30:00,79650,79777,79578,79731,69591,5266,76.904,79,5266,79,79
2016-02-10 11:45:00,79732,79766,79379,79495,165384,5266,76.904,82,5266,82,82
2016-02-10 12:00:00,79494,79520,79276,79452,103249,5266,76.904,-238,5266,-238,-238
2016-02-10 12:15:00,79445,79590,79400,79485,71949,5266,76.904,-49,5266,-49,-49
2016-02-10 12:30:00,79485,79688,79453,79586,83152,5266,76.904,40,5266,40,40
2016-02-10 12:45:00,79590,79675,79418,79472,57732,5266,76.904,105,5266,105,105
2016-02-10 13:00:00,79466,79810,79423,79754,109578,5266,76.904,-124,5266,-124,-124
2016-02-10 13:15:00,79759,79831,79625,79666,69556,5266,76.904,293,5266,293,293
2016-02-10 13:30:00,79671,79900,79578,79580,104142,5266,76.904,-88,5266,-88,-88
2016-02-10 13:45:00,79583,79672,79450,79536,108520,5266,76.904,-88,5266,-88,-88
2016-02-10 14:04:00,79544,79721,79518,79571,43629,5266,76.904,-39,5266,-39,-39
2016-02-10 14:15:00,79571,79595,79368,79433,87649,5266,76.904,27,5266,27,27
2016-02-10 14:30:00,79434,79599,79357,79497,65608,5266,76.904,-137,5266,-137,-137
2016-02-10 14:45:00,79494,79748,79479,79696,70701,5266,76.904,60,5266,60,60
2016-02-10 15:00:00,79701,79760,79525,79648,52402,5266,76.904,207,5266,207,207
2016-02-10 15:15:00,79644,79700,79503,79551,52460,5266,76.904,-57,5266,-57,-57
2016-02-10 15:30:00,79545,79646,79419,79472,55419,5266,76.904,-99,5266,-99,-99
2016-02-10 15:45:00,79472,79602,79317,79362,74012,5266,76.904,-73,5266,-73,-73
2016-02-10 16:00:00,79358,79490,79294,79387,85173,5266,76.904,-114,5266,-114,-114
2016-02-10 16:15:00,79386,79493,79338,79406,72502,5266,76.904,28,5266,28,28
2016-02-10 16:30:00,79413,79850,79370,79737,221640,5266,76.904,27,5266,27,27
2016-02-10 16:45:00,79737,79802,79587,79595,148614,5266,76.904,324,5266,324,324
2016-02-10 17:00:00,79594,79750,79500,79716,119329,5266,76.904,-143,5266,-143,-143
2016-02-10 17:15:00,79715,79920,79689,79809,118591,5266,76.904,121,5266,121,121
2016-02-10 17:30:00,79806,79950,79707,79781,146339,5266,76.904,91,5266,91,91
2016-02-10 17:45:00,79780,79842,79441,79471,152090,5266,76.904,-26,5266,-26,-26
2016-02-10 18:00:00,79469,79552,79088,79126,186222,5266,76.904,-311,5266,-311,-311
2016-02-10 18:15:00,79126,79193,78878,79097,173014,5266,76.904,-343,5266,-343,-343
2016-02-10 18:30:00,79100,79104,78333,78928,430506,5266,76.904,-26,5266,-26,-26
2016-02-10 19:00:00,78950,79491,78950,79391,95511,5266,76.904,-150,5266,-150,-150
2016-02-10 19:15:00,79387,79472,79032,79345,80027,5266,76.904,437,5266,437,437
2016-02-10 19:30:00,79343,79789,79324,79576,100975,5266,76.904,-44,5266,-44,-44
2016-02-10 19:45:00,79577,79611,79368,79426,65803,5266,76.904,234,5266,234,234
2016-02-10 20:00:00,79420,79513,79244,79358,59218,5266,76.904,-157,5266,-157,-157
2016-02-10 20:15:00,79360,79382,79036,79100,66290,5266,76.904,-60,5266,-60,-60
2016-02-10 20:30:00,79098,79145,78893,79136,75840,5266,76.904,-262,5266,-262,-262
2016-02-10 20:45:00,79133,79240,79034,79073,53314,5266,76.904,35,5266,35,35
2016-02-10 21:00:00,79069,79380,79058,79332,46415,5266,76.904,-64,5266,-64,-64
2016-02-10 21:15:00,79328,79341,79132,79318,39000,5266,76.904,259,5266,259,259
2016-02-10 21:30:00,79317,79349,79151,79156,31266,5266,76.904,-11,5266,-11,-11
2016-02-10 21:45:00,79157,79374,79147,79327,35286,5266,76.904,-160,5266,-160,-160
2016-02-10 22:00:00,79327,79414,79280,79316,43526,5266,76.904,170,5266,170,170
2016-02-10 22:15:00,79312,79480,79275,79311,57991,5266,76.904,-15,5266,-15,-15
2016-02-10 22:30:00,79312,79329,79106,79174,37065,5266,76.904,0,5266,0,0
2016-02-10 22:45:00,79176,79216,79142,79185,18447,5266,76.904,-136,5266,-136,-136
2016-02-10 23:00:00,79186,79234,79120,79221,26448,5266,76.904,10,5266,10,10
2016-02-10 23:15:00,79216,79281,79195,79259,21993,5266,76.904,30,5266,30,30
2016-02-10 23:30:00,79256,79348,79195,79311,21843,5266,76.904,40,5266,40,40
2016-02-10 23:45:00,79311,79400,79300,79400,11918,5266,76.904,55,5266,55,55
2016-02-11 10:00:00,79424,79750,79344,79607,178949,5266,76.904,113,5266,113,113
2016-02-11 10:15:00,79608,79679,79412,79599,111119,5266,76.904,184,5266,184,184
2016-02-11 10:30:00,79604,79835,79576,79760,131439,5266,76.904,-4,5266,-4,-4
2016-02-11 10:45:00,79767,79831,79667,79816,90281,5266,76.904,163,5266,163,163
2016-02-11 11:00:00,79821,80141,79816,80128,237159,5266,76.904,54,5266,54,54
2016-02-11 11:15:00,80132,80232,79976,80010,163389,5266,76.904,311,5266,311,311
2016-02-11 11:30:00,80011,80270,79973,80164,118648,5266,76.904,-121,5266,-121,-121
2016-02-11 11:45:00,80164,80270,80000,80156,137966,5266,76.904,153,5266,153,153
2016-02-11 12:00:00,80154,80320,80154,80293,146569,5266,76.904,-10,5266,-10,-10
2016-02-11 12:15:00,80291,80370,80090,80262,109857,5266,76.904,137,5266,137,137
2016-02-11 12:30:00,80263,80305,80050,80168,89500,5266,76.904,-28,5266,-28,-28
2016-02-11 12:45:00,80168,80176,79976,80097,62972,5266,76.904,-95,5266,-95,-95
2016-02-11 13:00:00,80092,80220,80060,80179,76231,5266,76.904,-76,5266,-76,-76
2016-02-11 13:15:00,80183,80234,80104,80135,49013,5266,76.904,91,5266,91,91
2016-02-11 13:30:00,80138,80180,80050,80147,47935,5266,76.904,-45,5266,-45,-45
2016-02-11 13:45:00,80147,80160,80012,80056,41676,5266,76.904,9,5266,9,9
2016-02-11 14:04:00,80074,80400,80074,80347,99065,5266,76.904,-73,5266,-73,-73
2016-02-11 14:15:00,80348,80381,80067,80222,91877,5266,76.904,274,5266,274,274
2016-02-11 14:30:00,80226,80310,80093,80148,76922,5266,76.904,-122,5266,-122,-122
2016-02-11 14:45:00,80146,80285,80113,80272,57443,5266,76.904,-80,5266,-80,-80
2016-02-11 15:00:00,80272,80650,80253,80570,194715,5266,76.904,126,5266,126,126
2016-02-11 15:15:00,80571,80610,80191,80266,171738,5266,76.904,299,5266,299,299
2016-02-11 15:30:00,80266,80560,80243,80469,121858,5266,76.904,-305,5266,-305,-305
2016-02-11 15:45:00,80467,80676,80444,80646,81776,5266,76.904,201,5266,201,201
2016-02-11 16:00:00,80651,80897,80621,80808,177164,5266,76.904,184,5266,184,184
2016-02-11 16:15:00,80811,81368,80775,81204,212340,5266,76.904,160,5266,160,160
2016-02-11 16:30:00,81205,81345,80907,80965,198597,5266,76.904,394,5266,394,394
2016-02-11 16:45:00,80965,81204,80900,81177,112506,5266,76.904,-240,5266,-240,-240
2016-02-11 17:00:00,81173,81289,80736,80789,208328,5266,76.904,208,5266,208,208
2016-02-11 17:15:00,80790,81000,80666,80824,123523,5266,76.904,-383,5266,-383,-383
2016-02-11 17:30:00,80825,80881,80622,80702,143676,5266,76.904,35,5266,35,35
2016-02-11 17:45:00,80710,80719,80148,80189,255882,5266,76.904,-115,5266,-115,-115
2016-02-11 18:00:00,80189,80732,80155,80713,213204,5266,76.904,-521,5266,-521,-521
2016-02-11 18:15:00,80713,80900,80631,80771,119976,5266,76.904,524,5266,524,524
2016-02-11 18:30:00,80776,81074,80774,81016,114075,5266,76.904,63,5266,63,63
2016-02-11 19:00:00,81096,81220,80851,81154,95758,5266,76.904,320,5266,320,320
2016-02-11 19:15:00,81154,81312,81020,81255,103101,5266,76.904,58,5266,58,58
2016-02-11 19:30:00,81261,81272,80941,81012,77125,5266,76.904,107,5266,107,107
2016-02-11 19:45:00,81011,81105,80658,80774,86113,5266,76.904,-250,5266,-250,-250
2016-02-11 20:00:00,80774,80961,80700,80916,65434,5266,76.904,-237,5266,-237,-237
2016-02-11 20:15:00,80919,81137,80885,81059,60112,5266,76.904,145,5266,145,145
2016-02-11 20:30:00,81067,81100,80918,80942,36241,5266,76.904,148,5266,148,148
2016-02-11 20:45:00,80938,81018,80762,80958,54481,5266,76.904,-129,5266,-129,-129
2016-02-11 21:00:00,80958,81055,80839,80942,44523,5266,76.904,20,5266,20,20
2016-02-11 21:15:00,80937,81022,80718,80867,42492,5266,76.904,-21,5266,-21,-21
2016-02-11 21:30:00,80862,81050,80770,80977,35074,5266,76.904,-75,5266,-75,-75
2016-02-11 21:45:00,80978,81176,80943,81101,36507,5266,76.904,116,5266,116,116
2016-02-11 22:00:00,81101,81213,80970,81120,44713,5266,76.904,123,5266,123,123
2016-02-11 22:15:00,81120,81188,80995,81172,54871,5266,76.904,19,5266,19,19
2016-02-11 22:30:00,81171,81249,80790,80873,113758,5266,76.904,51,5266,51,51
2016-02-11 22:45:00,80873,80891,80527,80736,133369,5266,76.904,-298,5266,-298,-298
2016-02-11 23:00:00,80735,80920,80686,80764,64706,5266,76.904,-138,5266,-138,-138
2016-02-11 23:15:00,80765,80863,80665,80705,39617,5266,76.904,30,5266,30,30
2016-02-11 23:30:00,80705,80742,80304,80320,64026,5266,76.904,-60,5266,-60,-60
2016-02-11 23:45:00,80321,80437,80270,80275,31558,5266,76.904,-384,5266,-384,-384
2016-02-12 10:00:00,80268,80268,79600,79974,183006,5266,76.904,-53,5266,-53,-53
2016-02-12 10:15:00,79976,80086,79827,79980,89174,5266,76.904,-292,5266,-292,-292
2016-02-12 10:30:00,79987,80319,79962,80260,146623,5266,76.904,11,5266,11,11
2016-02-12 10:45:00,80265,80348,80147,80162,98597,5266,76.904,278,5266,278,278
2016-02-12 11:00:00,80164,80304,79971,80303,145824,5266,76.904,-101,5266,-101,-101
2016-02-12 11:15:00,80304,80410,80141,80319,94437,5266,76.904,140,5266,140,140
2016-02-12 11:30:00,80315,80321,80129,80206,121834,5266,76.904,11,5266,11,11
2016-02-12 11:45:00,80204,80249,79850,79893,118031,5266,76.904,-111,5266,-111,-111
2016-02-12 12:00:00,79889,79920,79788,79858,139220,5266,76.904,-315,5266,-315,-315
2016-02-12 12:15:00,79859,79970,79770,79948,94744,5266,76.904,-30,5266,-30,-30
2016-02-12 12:30:00,79944,80113,79849,80104,66921,5266,76.904,85,5266,85,85
2016-02-12 12:45:00,80109,80149,79993,79999,84963,5266,76.904,165,5266,165,165
2016-02-12 13:00:00,80004,80164,79990,80021,73840,5266,76.904,-105,5266,-105,-105
2016-02-12 13:15:00,80019,80109,79975,80077,44630,5266,76.904,15,5266,15,15
2016-02-12 13:30:00,80077,80128,79998,80073,31084,5266,76.904,58,5266,58,58
2016-02-12 13:45:00,80071,80163,80013,80098,33282,5266,76.904,-6,5266,-6,-6
2016-02-12 14:04:00,80092,80099,79980,80025,34108,5266,76.904,21,5266,21,21
2016-02-12 14:15:00,80025,80135,80008,80124,34663,5266,76.904,-67,5266,-67,-67
2016-02-12 14:30:00,80125,80166,80068,80099,33262,5266,76.904,100,5266,100,100
2016-02-12 14:45:00,80098,80103,79805,79893,89715,5266,76.904,-27,5266,-27,-27
2016-02-12 15:00:00,79890,80032,79862,79984,52624,5266,76.904,-208,5266,-208,-208
2016-02-12 15:15:00,79984,80029,79881,79975,38013,5266,76.904,94,5266,94,94
2016-02-12 15:30:00,79975,80025,79903,80001,36986,5266,76.904,-9,5266,-9,-9
2016-02-12 15:45:00,79998,80049,79915,79946,38937,5266,76.904,23,5266,23,23
2016-02-12 16:00:00,79940,80126,79919,80038,54249,5266,76.904,-58,5266,-58,-58
2016-02-12 16:15:00,80036,80069,79865,79909,65400,5266,76.904,96,5266,96,96
2016-02-12 16:30:00,79904,79945,79691,79857,136168,5266,76.904,-132,5266,-132,-132
2016-02-12 16:45:00,79860,79950,79701,79941,81139,5266,76.904,-44,5266,-44,-44
2016-02-12 17:00:00,79941,79957,79776,79876,58892,5266,76.904,81,5266,81,81
2016-02-12 17:15:00,79872,79918,79759,79784,55364,5266,76.904,-69,5266,-69,-69
2016-02-12 17:30:00,79785,79844,79435,79594,199395,5266,76.904,-87,5266,-87,-87
2016-02-12 17:45:00,79590,79932,79551,79906,111695,5266,76.904,-195,5266,-195,-195
2016-02-12 18:00:00,79906,80010,79737,79822,111778,5266,76.904,316,5266,316,316
2016-02-12 18:15:00,79815,79965,79314,79379,149683,5266,76.904,-91,5266,-91,-91
2016-02-12 18:30:00,79378,79518,79212,79435,159268,5266,76.904,-437,5266,-437,-437
2016-02-12 19:00:00,79420,79476,79100,79138,104140,5266,76.904,42,5266,42,42
2016-02-12 19:15:00,79132,79262,78857,78910,102017,5266,76.904,-288,5266,-288,-288
2016-02-12 19:30:00,78910,79031,78818,78945,91566,5266,76.904,-222,5266,-222,-222
2016-02-12 19:45:00,78944,79181,78879,79128,56544,5266,76.904,34,5266,34,34
2016-02-12 20:00:00,79129,79237,79015,79130,43568,5266,76.904,185,5266,185,185
2016-02-12 20:15:00,79131,79214,79050,79123,22622,5266,76.904,2,5266,2,2
2016-02-12 20:30:00,79120,79123,78966,79018,32389,5266,76.904,-11,5266,-11,-11
2016-02-12 20:45:00,79014,79081,78906,78915,29507,5266,76.904,-106,5266,-106,-106
2016-02-12 21:00:00,78916,78974,78701,78780,69680,5266,76.904,-98,5266,-98,-98
2016-02-12 21:15:00,78784,79139,78773,79073,51466,5266,76.904,-132,5266,-132,-132
2016-02-12 21:30:00,79080,79100,78956,79055,28850,5266,76.904,296,5266,296,296
2016-02-12 21:45:00,79059,79130,79000,79064,24472,5266,76.904,-21,5266,-21,-21
2016-02-12 22:00:00,79064,79200,78911,78958,54305,5266,76.904,5,5266,5,5
2016-02-12 22:15:00,78957,79129,78861,78959,56808,5266,76.904,-107,5266,-107,-107
2016-02-12 22:30:00,78956,79010,78859,78956,31318,5266,76.904,-1,5266,-1,-1
2016-02-12 22:45:00,78952,78965,78865,78902,21226,5266,76.904,-4,5266,-4,-4
2016-02-12 23:00:00,78903,78903,78815,78894,17476,5266,76.904,-49,5266,-49,-49
2016-02-12 23:15:00,78894,78999,78862,78968,24444,5266,76.904,-9,5266,-9,-9
2016-02-12 23:30:00,78971,79030,78907,78945,30275,5266,76.904,77,5266,77,77
2016-02-12 23:45:00,78945,78972,78921,78921,6024,5266,76.904,-26,5266,-26,-26
2016-02-15 10:00:00,78911,78911,78026,78278,236804,5266,76.904,-34,5266,-34,-34
2016-02-15 10:15:00,78292,78298,78096,78202,154142,5266,76.904,-619,5266,-619,-619
2016-02-15 10:30:00,78202,78358,78176,78266,166933,5266,76.904,-90,5266,-90,-90
2016-02-15 10:45:00,78266,78498,78255,78306,163830,5266,76.904,64,5266,64,64
2016-02-15 11:00:00,78317,78577,78310,78425,117947,5266,76.904,51,5266,51,51
2016-02-15 11:15:00,78426,78485,78314,78372,87871,5266,76.904,109,5266,109,109
2016-02-15 11:30:00,78371,78560,78364,78532,101059,5266,76.904,-55,5266,-55,-55
2016-02-15 11:45:00,78533,78593,78439,78484,48322,5266,76.904,162,5266,162,162
2016-02-15 12:00:00,78484,78501,78418,78423,43460,5266,76.904,-49,5266,-49,-49
2016-02-15 12:15:00,78421,78509,78405,78486,31460,5266,76.904,-63,5266,-63,-63
2016-02-15 12:30:00,78487,78569,78353,78398,57679,5266,76.904,66,5266,66,66
2016-02-15 12:45:00,78396,78413,78252,78333,66652,5266,76.904,-91,5266,-91,-91
2016-02-15 13:00:00,78326,78369,78078,78097,132299,5266,76.904,-70,5266,-70,-70
2016-02-15 13:15:00,78096,78200,78072,78191,62323,5266,76.904,-230,5266,-230,-230
2016-02-15 13:30:00,78184,78253,77972,77985,97677,5266,76.904,88,5266,88,88
2016-02-15 13:45:00,77985,78044,77888,77981,87156,5266,76.904,-199,5266,-199,-199
2016-02-15 14:04:00,77977,77980,77782,77878,80065,5266,76.904,-8,5266,-8,-8
2016-02-15 14:15:00,77875,77993,77823,77891,68735,5266,76.904,-102,5266,-102,-102
2016-02-15 14:30:00,77891,77997,77784,77872,70808,5266,76.904,16,5266,16,16
2016-02-15 14:45:00,77872,77959,77860,77945,33145,5266,76.904,-19,5266,-19,-19
2016-02-15 15:00:00,77947,77956,77800,77809,45263,5266,76.904,75,5266,75,75
2016-02-15 15:15:00,77811,77869,77554,77687,100633,5266,76.904,-136,5266,-136,-136
2016-02-15 15:30:00,77686,77828,77625,77636,66230,5266,76.904,-125,5266,-125,-125
2016-02-15 15:45:00,77635,77733,77463,77472,72649,5266,76.904,-51,5266,-51,-51
2016-02-15 16:00:00,77472,77800,77459,77777,79815,5266,76.904,-163,5266,-163,-163
2016-02-15 16:15:00,77776,77973,77686,77904,93496,5266,76.904,304,5266,304,304
2016-02-15 16:30:00,77908,77969,77794,77926,71136,5266,76.904,132,5266,132,132
2016-02-15 16:45:00,77930,78057,77846,78021,62561,5266,76.904,22,5266,22,22
2016-02-15 17:00:00,78021,78072,77824,77938,73209,5266,76.904,91,5266,91,91
2016-02-15 17:15:00,77942,78009,77913,77943,48157,5266,76.904,-79,5266,-79,-79
2016-02-15 17:30:00,77940,78049,77829,77875,65040,5266,76.904,-2,5266,-2,-2
2016-02-15 17:45:00,77877,77985,77766,77907,59702,5266,76.904,-63,5266,-63,-63
2016-02-15 18:00:00,77904,77977,77820,77975,60566,5266,76.904,27,5266,27,27
2016-02-15 18:15:00,77975,78168,77967,78012,89343,5266,76.904,71,5266,71,71
2016-02-15 18:30:00,78011,78108,77909,78100,52700,5266,76.904,36,5266,36,36
2016-02-15 19:00:00,78044,78046,77880,78018,28373,5266,76.904,33,5266,33,33
2016-02-15 19:15:00,78017,78319,78006,78290,55562,5266,76.904,-27,5266,-27,-27
2016-02-15 19:30:00,78292,78376,78272,78296,32611,5266,76.904,275,5266,275,275
2016-02-15 19:45:00,78296,78450,78291,78425,48470,5266,76.904,4,5266,4,4
2016-02-15 20:00:00,78428,78491,78396,78458,29932,5266,76.904,132,5266,132,132
2016-02-15 20:15:00,78462,78473,78281,78354,32735,5266,76.904,34,5266,34,34
2016-02-15 20:30:00,78354,78419,78290,78305,21402,5266,76.904,-108,5266,-108,-108
2016-02-15 20:45:00,78306,78410,78236,78273,17481,5266,76.904,-48,5266,-48,-48
2016-02-15 21:00:00,78270,78273,77975,78005,43757,5266,76.904,-36,5266,-36,-36
2016-02-15 21:15:00,78002,78063,77954,78013,31121,5266,76.904,-268,5266,-268,-268
2016-02-15 21:30:00,78010,78061,77841,77905,25250,5266,76.904,8,5266,8,8
2016-02-15 21:45:00,77900,77999,77853,77986,16868,5266,76.904,-110,5266,-110,-110
2016-02-15 22:00:00,77984,78075,77979,77982,12804,5266,76.904,84,5266,84,84
2016-02-15 22:15:00,77985,78000,77873,77887,14786,5266,76.904,1,5266,1,1
2016-02-15 22:30:00,77884,77898,77743,77789,39766,5266,76.904,-101,5266,-101,-101
2016-02-15 22:45:00,77787,77860,77746,77841,16593,5266,76.904,-97,5266,-97,-97
2016-02-15 23:00:00,77838,77843,77750,77755,14649,5266,76.904,51,5266,51,51
2016-02-15 23:15:00,77753,77780,77572,77635,40630,5266,76.904,-85,5266,-85,-85
2016-02-15 23:30:00,77632,77673,77563,77643,16133,5266,76.904,-121,5266,-121,-121
2016-02-15 23:45:00,77650,77657,77500,77560,12233,5266,76.904,18,5266,18,18
2016-02-16 10:00:00,77500,77500,76679,76708,254099,5266,76.904,-150,5266,-150,-150
2016-02-16 10:15:00,76708,76720,76441,76502,182142,5266,76.904,-792,5266,-792,-792
2016-02-16 10:30:00,76503,76722,76463,76670,115723,5266,76.904,-205,5266,-205,-205
2016-02-16 10:45:00,76672,76923,76667,76804,119864,5266,76.904,169,5266,169,169
2016-02-16 11:00:00,76805,76971,76664,76920,166674,5266,76.904,133,5266,133,133
2016-02-16 11:15:00,76920,77160,76743,77117,129265,5266,76.904,115,5266,115,115
2016-02-16 11:30:00,77118,77143,76962,77032,70392,5266,76.904,198,5266,198,198
2016-02-16 11:45:00,77034,77374,76968,77101,186970,5266,76.904,-84,5266,-84,-84
2016-02-16 12:00:00,77103,78011,77071,77793,459448,5266,76.904,69,5266,69,69
2016-02-16 12:15:00,77789,77825,77418,77537,218832,5266,76.904,686,5266,686,686
2016-02-16 12:30:00,77533,77722,77436,77657,136942,5266,76.904,-256,5266,-256,-256
2016-02-16 12:45:00,77658,78058,77616,77908,182872,5266,76.904,125,5266,125,125
2016-02-16 13:00:00,77908,78052,77803,77905,136118,5266,76.904,250,5266,250,250
2016-02-16 13:15:00,77899,77922,77654,77682,90131,5266,76.904,-9,5266,-9,-9
2016-02-16 13:30:00,77683,77884,77672,77783,83980,5266,76.904,-216,5266,-216,-216
2016-02-16 13:45:00,77783,77961,77780,77915,50297,5266,76.904,100,5266,100,100
2016-02-16 14:05:00,77917,78042,77825,77905,49521,5266,76.904,134,5266,134,134
2016-02-16 14:15:00,77909,77973,77737,77786,80847,5266,76.904,-8,5266,-8,-8
2016-02-16 14:30:00,77780,78030,77720,78023,76440,5266,76.904,-129,5266,-129,-129
2016-02-16 14:45:00,78022,78086,77887,77951,124165,5266,76.904,242,5266,242,242
2016-02-16 15:00:00,77952,78155,77816,77847,117459,5266,76.904,-70,5266,-70,-70
2016-02-16 15:15:00,77851,77959,77736,77756,61184,5266,76.904,-101,5266,-101,-101
2016-02-16 15:30:00,77756,77812,77499,77707,109100,5266,76.904,-95,5266,-95,-95
2016-02-16 15:45:00,77706,77784,77665,77744,92248,5266,76.904,-50,5266,-50,-50
2016-02-16 16:00:00,77745,78080,77703,78008,181639,5266,76.904,39,5266,39,39
2016-02-16 16:15:00,78009,78409,77940,78407,160843,5266,76.904,264,5266,264,264
2016-02-16 16:30:00,78407,78449,78162,78220,151434,5266,76.904,398,5266,398,398
2016-02-16 16:45:00,78220,78306,78130,78163,96566,5266,76.904,-187,5266,-187,-187
2016-02-16 17:00:00,78163,78261,78021,78103,133564,5266,76.904,-57,5266,-57,-57
2016-02-16 17:15:00,78103,78330,78098,78164,85211,5266,76.904,-60,5266,-60,-60
2016-02-16 17:30:00,78167,78317,78053,78287,110971,5266,76.904,64,5266,64,64
2016-02-16 17:45:00,78284,78489,78219,78455,122451,5266,76.904,117,5266,117,117
2016-02-16 18:00:00,78458,78690,78339,78592,162275,5266,76.904,174,5266,174,174
2016-02-16 18:15:00,78591,78620,78403,78566,92829,5266,76.904,133,5266,133,133
2016-02-16 18:30:00,78567,78741,78530,78546,100001,5266,76.904,-24,5266,-24,-24
2016-02-16 19:00:00,78522,78700,78350,78580,75809,5266,76.904,-45,5266,-45,-45
2016-02-16 19:15:00,78584,78696,78329,78418,87096,5266,76.904,62,5266,62,62
2016-02-16 19:30:00,78415,78421,78201,78218,74403,5266,76.904,-169,5266,-169,-169
2016-02-16 19:45:00,78222,78324,78107,78155,54818,5266,76.904,-193,5266,-193,-193
2016-02-16 20:00:00,78154,78285,78059,78256,62524,5266,76.904,-68,5266,-68,-68
2016-02-16 20:15:00,78251,78280,78190,78225,40870,5266,76.904,97,5266,97,97
2016-02-16 20:30:00,78225,78418,78200,78401,32721,5266,76.904,-26,5266,-26,-26
2016-02-16 20:45:00,78401,78518,78200,78290,43652,5266,76.904,176,5266,176,176
2016-02-16 21:00:00,78292,78365,78203,78344,24876,5266,76.904,-109,5266,-109,-109
2016-02-16 21:15:00,78338,78469,78313,78401,26034,5266,76.904,46,5266,46,46
2016-02-16 21:30:00,78401,78506,78398,78498,25572,5266,76.904,63,5266,63,63
2016-02-16 21:45:00,78500,78695,78416,78515,55151,5266,76.904,99,5266,99,99
2016-02-16 22:00:00,78520,78548,78317,78422,42171,5266,76.904,20,5266,20,20
2016-02-16 22:15:00,78422,78532,78325,78426,43375,5266,76.904,-98,5266,-98,-98
2016-02-16 22:30:00,78427,78465,78352,78422,18161,5266,76.904,5,5266,5,5
2016-02-16 22:45:00,78427,78500,78398,78452,13566,5266,76.904,0,5266,0,0
2016-02-16 23:00:00,78450,78528,78402,78484,20146,5266,76.904,23,5266,23,23
2016-02-16 23:15:00,78483,78535,78462,78478,10883,5266,76.904,33,5266,33,33
2016-02-16 23:30:00,78478,78502,78427,78443,11771,5266,76.904,-5,5266,-5,-5
2016-02-16 23:45:00,78446,78521,78440,78521,10097,5266,76.904,-32,5266,-32,-32
2016-02-17 10:00:00,78507,78907,78450,78636,168769,5266,76.904,61,5266,61,61
2016-02-17 10:15:00,78636,78683,78531,78577,101383,5266,76.904,129,5266,129,129
2016-02-17 10:30:00,78575,78711,78136,78216,168398,5266,76.904,-61,5266,-61,-61
2016-02-17 10:45:00,78212,78370,78097,78113,130373,5266,76.904,-363,5266,-363,-363
2016-02-17 11:00:00,78113,78268,77969,78256,150325,5266,76.904,-99,5266,-99,-99
2016-02-17 11:15:00,78254,78324,78162,78203,94145,5266,76.904,141,5266,141,141
2016-02-17 11:30:00,78201,78281,78085,78201,105026,5266,76.904,-53,5266,-53,-53
2016-02-17 11:45:00,78201,78238,77953,78030,123977,5266,76.904,0,5266,0,0
2016-02-17 12:00:00,78031,78185,77986,78109,115661,5266,76.904,-170,5266,-170,-170
2016-02-17 12:15:00,78106,78143,77987,77993,75950,5266,76.904,75,5266,75,75
2016-02-17 12:30:00,77990,78035,77815,77881,117458,5266,76.904,-116,5266,-116,-116
2016-02-17 12:45:00,77878,77948,77721,77746,152122,5266,76.904,-112,5266,-112,-112
2016-02-17 13:00:00,77741,77791,77603,77678,135274,5266,76.904,-137,5266,-137,-137
2016-02-17 13:15:00,77678,77678,77322,77413,180723,5266,76.904,-63,5266,-63,-63
2016-02-17 13:30:00,77412,77595,77362,77447,101955,5266,76.904,-266,5266,-266,-266
2016-02-17 13:45:00,77446,77682,77434,77594,77102,5266,76.904,34,5266,34,34
2016-02-17 14:05:00,77594,77648,77486,77598,38376,5266,76.904,148,5266,148,148
2016-02-17 14:15:00,77596,77732,77487,77570,63263,5266,76.904,2,5266,2,2
2016-02-17 14:30:00,77570,77579,77400,77485,53115,5266,76.904,-26,5266,-26,-26
2016-02-17 14:45:00,77489,77498,77361,77418,96501,5266,76.904,-81,5266,-81,-81
2016-02-17 15:00:00,77417,77478,77400,77462,55037,5266,76.904,-72,5266,-72,-72
2016-02-17 15:15:00,77463,77486,77173,77232,88780,5266,76.904,46,5266,46,46
2016-02-17 15:30:00,77231,77246,77108,77169,72042,5266,76.904,-232,5266,-232,-232
2016-02-17 15:45:00,77169,77178,76901,76942,129079,5266,76.904,-62,5266,-62,-62
2016-02-17 16:00:00,76945,77193,76929,77028,120565,5266,76.904,-224,5266,-224,-224
2016-02-17 16:15:00,77029,77257,76998,77086,97850,5266,76.904,84,5266,84,84
2016-02-17 16:30:00,77084,77326,77071,77260,105732,5266,76.904,55,5266,55,55
2016-02-17 16:45:00,77260,77328,77139,77192,82132,5266,76.904,176,5266,176,176
2016-02-17 17:00:00,77190,77190,76793,76938,192087,5266,76.904,-70,5266,-70,-70
2016-02-17 17:15:00,76938,77285,76901,77105,146663,5266,76.904,-252,5266,-252,-252
2016-02-17 17:30:00,77100,77175,76900,77107,120626,5266,76.904,162,5266,162,162
2016-02-17 17:45:00,77106,77197,76975,77132,87094,5266,76.904,6,5266,6,6
2016-02-17 18:00:00,77132,77169,76665,76710,110480,5266,76.904,26,5266,26,26
2016-02-17 18:15:00,76711,76812,76466,76481,178624,5266,76.904,-421,5266,-421,-421
2016-02-17 18:30:00,76480,76619,75892,76140,353256,5266,76.904,-231,5266,-231,-231
2016-02-17 19:05:00,76011,76162,75762,76074,91582,5266,76.904,-469,5266,-469,-469
2016-02-17 19:15:00,76074,76080,75702,75738,134574,5266,76.904,63,5266,63,63
2016-02-17 19:30:00,75735,75886,75700,75771,85923,5266,76.904,-339,5266,-339,-339
2016-02-17 19:45:00,75776,75789,75558,75566,152024,5266,76.904,41,5266,41,41
2016-02-17 20:00:00,75576,75582,75182,75417,141106,5266,76.904,-200,5266,-200,-200
2016-02-17 20:15:00,75415,75816,75325,75814,89980,5266,76.904,-161,5266,-161,-161
2016-02-17 20:30:00,75814,75850,75511,75650,79748,5266,76.904,399,5266,399,399
2016-02-17 20:45:00,75648,75773,75627,75684,32276,5266,76.904,-166,5266,-166,-166
2016-02-17 21:00:00,75685,76073,75674,76015,78964,5266,76.904,37,5266,37,37
2016-02-17 21:15:00,76012,76077,75829,75994,55218,5266,76.904,327,5266,327,327
2016-02-17 21:30:00,75994,76118,75850,75867,52883,5266,76.904,-18,5266,-18,-18
2016-02-17 21:45:00,75869,75935,75700,75883,57089,5266,76.904,-125,5266,-125,-125
2016-02-17 22:00:00,75880,76035,75603,75687,91716,5266,76.904,11,5266,11,11
2016-02-17 22:15:00,75682,75738,75541,75695,66168,5266,76.904,-198,5266,-198,-198
2016-02-17 22:30:00,75695,75737,75631,75699,20093,5266,76.904,13,5266,13,13
2016-02-17 22:45:00,75694,75948,75694,75890,27020,5266,76.904,-1,5266,-1,-1
2016-02-17 23:00:00,75885,75923,75839,75876,20155,5266,76.904,191,5266,191,191
2016-02-17 23:15:00,75878,75950,75876,75881,20060,5266,76.904,-7,5266,-7,-7
2016-02-17 23:30:00,75886,75920,75565,75605,53655,5266,76.904,8,5266,8,8
2016-02-17 23:45:00,75611,75614,75551,75551,11191,5266,76.904,-275,5266,-275,-275
2016-02-18 10:00:00,75550,76276,75307,76063,336309,5266,76.904,-61,5266,-61,-61
2016-02-18 10:15:00,76067,76325,76025,76277,180673,5266,76.904,517,5266,517,517
2016-02-18 10:30:00,76285,76394,75711,75849,231109,5266,76.904,218,5266,218,218
2016-02-18 10:45:00,75849,75894,75555,75851,176453,5266,76.904,-436,5266,-436,-436
2016-02-18 11:00:00,75851,76049,75779,75966,139252,5266,76.904,2,5266,2,2
2016-02-18 11:15:00,75971,75997,75771,75862,74062,5266,76.904,120,5266,120,120
2016-02-18 11:30:00,75862,76211,75842,76021,128191,5266,76.904,-109,5266,-109,-109
2016-02-18 11:45:00,76021,76082,75956,76020,52969,5266,76.904,159,5266,159,159
2016-02-18 12:00:00,76018,76027,75548,75567,171041,5266,76.904,-3,5266,-3,-3
2016-02-18 12:15:00,75568,75788,75531,75784,116488,5266,76.904,-450,5266,-450,-450
2016-02-18 12:30:00,75780,75846,75559,75619,111747,5266,76.904,212,5266,212,212
2016-02-18 12:45:00,75617,75790,75611,75658,77234,5266,76.904,-163,5266,-163,-163
2016-02-18 13:00:00,75658,75776,75580,75703,102223,5266,76.904,41,5266,41,41
2016-02-18 13:15:00,75707,75936,75694,75838,116844,5266,76.904,49,5266,49,49
2016-02-18 13:30:00,75840,75889,75540,75660,180939,5266,76.904,133,5266,133,133
2016-02-18 13:45:00,75663,75724,75570,75570,64106,5266,76.904,-177,5266,-177,-177
2016-02-18 14:05:00,75577,75633,75458,75534,101322,5266,76.904,-86,5266,-86,-86
2016-02-18 14:15:00,75529,75653,75504,75624,62836,5266,76.904,-48,5266,-48,-48
2016-02-18 14:30:00,75624,75868,75615,75779,86254,5266,76.904,95,5266,95,95
2016-02-18 14:45:00,75782,75815,75685,75758,48859,5266,76.904,158,5266,158,158
2016-02-18 15:00:00,75759,75823,75652,75703,58401,5266,76.904,-23,5266,-23,-23
2016-02-18 15:15:00,75700,75892,75692,75870,51084,5266,76.904,-59,5266,-59,-59
2016-02-18 15:30:00,75868,75982,75804,75954,83939,5266,76.904,168,5266,168,168
2016-02-18 15:45:00,75954,76110,75881,75907,84380,5266,76.904,86,5266,86,86
2016-02-18 16:00:00,75907,76035,75805,75829,65121,5266,76.904,-47,5266,-47,-47
2016-02-18 16:15:00,75827,76010,75820,75959,52783,5266,76.904,-80,5266,-80,-80
2016-02-18 16:30:00,75963,76034,75820,75974,94984,5266,76.904,136,5266,136,136
2016-02-18 16:45:00,75975,76169,75702,75767,202151,5266,76.904,12,5266,12,12
2016-02-18 17:00:00,75763,76118,75576,76037,167921,5266,76.904,-212,5266,-212,-212
2016-02-18 17:15:00,76031,76098,75816,75919,103440,5266,76.904,268,5266,268,268
2016-02-18 17:30:00,75922,76115,75860,76011,113199,5266,76.904,-109,5266,-109,-109
2016-02-18 17:45:00,76013,76128,75979,76005,81635,5266,76.904,91,5266,91,91
2016-02-18 18:00:00,76009,76250,75997,76120,117722,5266,76.904,-4,5266,-4,-4
2016-02-18 18:15:00,76120,76259,76026,76223,66407,5266,76.904,111,5266,111,111
2016-02-18 18:30:00,76224,76291,76151,76233,99979,5266,76.904,104,5266,104,104
2016-02-18 19:05:00,76269,77019,76269,76706,212665,5266,76.904,45,5266,45,45
2016-02-18 19:15:00,76705,76882,76565,76706,143301,5266,76.904,436,5266,436,436
2016-02-18 19:30:00,76711,76917,76692,76885,107459,5266,76.904,6,5266,6,6
2016-02-18 19:45:00,76885,76968,76639,76668,60496,5266,76.904,174,5266,174,174
2016-02-18 20:00:00,76667,76769,76591,76745,77251,5266,76.904,-218,5266,-218,-218
2016-02-18 20:15:00,76746,76832,76650,76696,39620,5266,76.904,79,5266,79,79
2016-02-18 20:30:00,76695,76764,76570,76698,37374,5266,76.904,-51,5266,-51,-51
2016-02-18 20:45:00,76702,76759,76661,76709,27325,5266,76.904,7,5266,7,7
2016-02-18 21:00:00,76703,76727,76546,76618,23200,5266,76.904,1,5266,1,1
2016-02-18 21:15:00,76622,76886,76620,76807,34078,5266,76.904,-81,5266,-81,-81
2016-02-18 21:30:00,76810,77006,76805,76987,43877,5266,76.904,188,5266,188,188
2016-02-18 21:45:00,76990,77051,76943,76984,39048,5266,76.904,180,5266,180,180
2016-02-18 22:00:00,76991,77044,76851,76965,34197,5266,76.904,1,5266,1,1
2016-02-18 22:15:00,76961,77044,76911,76997,39197,5266,76.904,-30,5266,-30,-30
2016-02-18 22:30:00,76999,77010,76859,76907,24236,5266,76.904,38,5266,38,38
2016-02-18 22:45:00,76911,76966,76890,76920,11946,5266,76.904,-88,5266,-88,-88
2016-02-18 23:00:00,76918,77000,76837,76980,34253,5266,76.904,7,5266,7,7
2016-02-18 23:15:00,76979,77028,76939,76981,28515,5266,76.904,61,5266,61,61
2016-02-18 23:30:00,76981,77026,76882,76917,33349,5266,76.904,2,5266,2,2
2016-02-18 23:45:00,76915,77072,76906,77000,23416,5266,76.904,-66,5266,-66,-66
2016-02-19 10:00:00,77000,77067,76683,76912,143554,5266,76.904,85,5266,85,85
2016-02-19 10:15:00,76916,76936,76766,76902,69932,5266,76.904,-84,5266,-84,-84
2016-02-19 10:30:00,76903,77054,76847,76897,112836,5266,76.904,-13,5266,-13,-13
2016-02-19 10:45:00,76900,76945,76750,76834,73713,5266,76.904,-3,5266,-3,-3
2016-02-19 11:00:00,76833,76854,76481,76596,144549,5266,76.904,-67,5266,-67,-67
2016-02-19 11:15:00,76597,76756,76555,76692,90504,5266,76.904,-236,5266,-236,-236
2016-02-19 11:30:00,76696,76756,76462,76526,115113,5266,76.904,99,5266,99,99
2016-02-19 11:45:00,76526,76659,76430,76544,122442,5266,76.904,-170,5266,-170,-170
2016-02-19 12:00:00,76539,76714,76527,76683,141048,5266,76.904,13,5266,13,13
2016-02-19 12:15:00,76684,76890,76600,76825,111174,5266,76.904,145,5266,145,145
2016-02-19 12:30:00,76822,76940,76768,76937,80507,5266,76.904,138,5266,138,138
2016-02-19 12:45:00,76936,76988,76825,76853,85870,5266,76.904,114,5266,114,114
2016-02-19 13:00:00,76853,76996,76843,76955,64097,5266,76.904,-83,5266,-83,-83
2016-02-19 13:15:00,76956,76969,76846,76917,55307,5266,76.904,103,5266,103,103
2016-02-19 13:30:00,76917,77008,76840,76840,92422,5266,76.904,-39,5266,-39,-39
2016-02-19 13:45:00,76840,77257,76837,77191,175036,5266,76.904,-77,5266,-77,-77
2016-02-19 14:05:00,77190,77222,77122,77169,54232,5266,76.904,350,5266,350,350
2016-02-19 14:15:00,77169,77326,77120,77224,83269,5266,76.904,-21,5266,-21,-21
2016-02-19 14:30:00,77225,77364,77210,77338,54873,5266,76.904,56,5266,56,56
2016-02-19 14:45:00,77337,77451,77220,77245,70000,5266,76.904,112,5266,112,112
2016-02-19 15:00:00,77243,77374,77235,77360,44601,5266,76.904,-94,5266,-94,-94
2016-02-19 15:15:00,77363,77420,77162,77178,73514,5266,76.904,120,5266,120,120
2016-02-19 15:30:00,77178,77217,77056,77073,80650,5266,76.904,-185,5266,-185,-185
2016-02-19 15:45:00,77073,77241,77025,77197,64319,5266,76.904,-105,5266,-105,-105
2016-02-19 16:00:00,77196,77278,77174,77222,53305,5266,76.904,123,5266,123,123
2016-02-19 16:15:00,77223,77402,77216,77338,70474,5266,76.904,27,5266,27,27
2016-02-19 16:30:00,77341,77679,77338,77526,142259,5266,76.904,118,5266,118,118
2016-02-19 16:45:00,77529,77899,77526,77814,180987,5266,76.904,188,5266,188,188
2016-02-19 17:00:00,77815,78058,77758,77799,159109,5266,76.904,286,5266,286,286
2016-02-19 17:15:00,77799,77865,77700,77721,85544,5266,76.904,-16,5266,-16,-16
2016-02-19 17:30:00,77720,77966,77666,77816,89169,5266,76.904,-79,5266,-79,-79
2016-02-19 17:45:00,77816,77912,77781,77872,71062,5266,76.904,96,5266,96,96
2016-02-19 18:00:00,77877,78259,77874,78172,135366,5266,76.904,61,5266,61,61
2016-02-19 18:15:00,78171,78300,78094,78297,86543,5266,76.904,294,5266,294,294
2016-02-19 18:30:00,78299,78362,78186,78320,92506,5266,76.904,128,5266,128,128
2016-02-19 19:00:00,78241,78348,78144,78177,79419,5266,76.904,-58,5266,-58,-58
2016-02-19 19:15:00,78177,78196,77977,78057,65684,5266,76.904,-64,5266,-64,-64
2016-02-19 19:30:00,78057,78066,77771,77812,76312,5266,76.904,-120,5266,-120,-120
2016-02-19 19:45:00,77812,78000,77803,77995,46655,5266,76.904,-245,5266,-245,-245
2016-02-19 20:00:00,77998,78099,77907,77909,41142,5266,76.904,186,5266,186,186
2016-02-19 20:15:00,77911,78040,77910,77971,19553,5266,76.904,-87,5266,-87,-87
2016-02-19 20:30:00,77967,77978,77780,77800,29871,5266,76.904,56,5266,56,56
2016-02-19 20:45:00,77804,77952,77791,77894,22530,5266,76.904,-163,5266,-163,-163
2016-02-19 21:00:00,77894,78070,77805,78004,37768,5266,76.904,90,5266,90,90
2016-02-19 21:15:00,78005,78038,77860,77908,18597,5266,76.904,111,5266,111,111
2016-02-19 21:30:00,77914,77933,77820,77888,20052,5266,76.904,-91,5266,-91,-91
2016-02-19 21:45:00,77894,77909,77663,77701,37262,5266,76.904,-20,5266,-20,-20
2016-02-19 22:00:00,77698,77753,77252,77442,86430,5266,76.904,-196,5266,-196,-196
2016-02-19 22:15:00,77434,77570,77328,77492,69039,5266,76.904,-264,5266,-264,-264
2016-02-19 22:30:00,77488,77679,77481,77592,39667,5266,76.904,54,5266,54,54
2016-02-19 22:45:00,77588,77610,77503,77517,15537,5266,76.904,100,5266,100,100
2016-02-19 23:00:00,77522,77538,77414,77421,19503,5266,76.904,-66,5266,-66,-66
2016-02-19 23:15:00,77420,77544,77410,77448,21482,5266,76.904,-102,5266,-102,-102
2016-02-19 23:30:00,77451,77533,77370,77385,17678,5266,76.904,31,5266,31,31
2016-02-19 23:45:00,77385,77447,77375,77399,7665,5266,76.904,-66,5266,-66,-66
2016-02-20 10:00:00,77435,77610,77371,77434,35361,5266,76.904,50,5266,50,50
2016-02-20 10:15:00,77433,77600,77384,77594,27708,5266,76.904,-2,5266,-2,-2
2016-02-20 10:30:00,77595,77736,77580,77685,24504,5266,76.904,162,5266,162,162
2016-02-20 10:45:00,77686,77713,77609,77665,18685,5266,76.904,91,5266,91,91
2016-02-20 11:00:00,77667,77672,77586,77657,12688,5266,76.904,-19,5266,-19,-19
2016-02-20 11:15:00,77651,77660,77501,77524,22772,5266,76.904,-16,5266,-16,-16
2016-02-20 11:30:00,77523,77538,77487,77506,14762,5266,76.904,-128,5266,-128,-128
2016-02-20 11:45:00,77510,77578,77453,77565,11886,5266,76.904,-13,5266,-13,-13
2016-02-20 12:00:00,77569,77588,77525,77550,8234,5266,76.904,59,5266,59,59
2016-02-20 12:15:00,77550,77551,77403,77412,20902,5266,76.904,-19,5266,-19,-19
2016-02-20 12:30:00,77412,77422,77330,77362,33723,5266,76.904,-138,5266,-138,-138
2016-02-20 12:45:00,77364,77367,77215,77284,33176,5266,76.904,-48,5266,-48,-48
2016-02-20 13:00:00,77283,77322,77051,77081,55441,5266,76.904,-81,5266,-81,-81
2016-02-20 13:15:00,77081,77268,76950,77005,59653,5266,76.904,-202,5266,-202,-202
2016-02-20 13:30:00,77005,77100,76930,77099,48999,5266,76.904,-76,5266,-76,-76
2016-02-20 13:45:00,77093,77250,77093,77180,30721,5266,76.904,88,5266,88,88
2016-02-20 14:05:00,77204,77242,77141,77205,20424,5266,76.904,111,5266,111,111
2016-02-20 14:15:00,77200,77294,77104,77154,26804,5266,76.904,-4,5266,-4,-4
2016-02-20 14:30:00,77153,77166,77060,77072,15372,5266,76.904,-47,5266,-47,-47
2016-02-20 14:45:00,77071,77194,76963,77146,29122,5266,76.904,-82,5266,-82,-82
2016-02-20 15:00:00,77148,77226,77058,77133,15621,5266,76.904,77,5266,77,77
2016-02-20 15:15:00,77133,77235,77119,77217,16896,5266,76.904,-15,5266,-15,-15
2016-02-20 15:30:00,77222,77278,77169,77176,15985,5266,76.904,89,5266,89,89
2016-02-20 15:45:00,77177,77237,77140,77179,9156,5266,76.904,-45,5266,-45,-45
2016-02-20 16:00:00,77174,77216,77159,77216,4672,5266,76.904,-3,5266,-3,-3
2016-02-20 16:15:00,77213,77267,77204,77229,9302,5266,76.904,39,5266,39,39
2016-02-20 16:30:00,77230,77235,77161,77166,9853,5266,76.904,17,5266,17,17
2016-02-20 16:45:00,77165,77197,77114,77116,9195,5266,76.904,-65,5266,-65,-65
2016-02-20 17:00:00,77115,77198,77107,77187,7277,5266,76.904,-50,5266,-50,-50
2016-02-20 17:15:00,77187,77224,77174,77180,4593,5266,76.904,72,5266,72,72
2016-02-20 17:30:00,77180,77196,77132,77191,4526,5266,76.904,-7,5266,-7,-7
2016-02-20 17:45:00,77192,77210,77151,77182,4428,5266,76.904,12,5266,12,12
2016-02-20 18:00:00,77183,77256,77180,77256,10093,5266,76.904,-9,5266,-9,-9
2016-02-20 18:15:00,77255,77389,77220,77360,21939,5266,76.904,72,5266,72,72
2016-02-20 18:30:00,77367,77420,77322,77377,12622,5266,76.904,112,5266,112,112
2016-02-20 19:00:00,77338,77430,77314,77430,8277,5266,76.904,-29,5266,-29,-29
2016-02-20 19:15:00,77430,77441,77364,77436,7632,5266,76.904,92,5266,92,92
2016-02-20 19:30:00,77436,77455,77331,77349,6771,5266,76.904,6,5266,6,6
2016-02-20 19:45:00,77349,77433,77348,77419,5183,5266,76.904,-87,5266,-87,-87
2016-02-20 20:00:00,77419,77500,77417,77493,10535,5266,76.904,70,5266,70,70
2016-02-20 20:15:00,77498,77520,77458,77517,4319,5266,76.904,79,5266,79,79
2016-02-20 20:30:00,77520,77527,77478,77526,3332,5266,76.904,22,5266,22,22
2016-02-20 20:45:00,77524,77558,77502,77558,4271,5266,76.904,4,5266,4,4
2016-02-20 21:00:00,77558,77645,77556,77596,10672,5266,76.904,34,5266,34,34
2016-02-20 21:15:00,77600,77666,77533,77594,10665,5266,76.904,42,5266,42,42
2016-02-20 21:30:00,77598,77632,77525,77599,7057,5266,76.904,-2,5266,-2,-2
2016-02-20 21:45:00,77599,77599,77481,77540,7260,5266,76.904,1,5266,1,1
2016-02-20 22:00:00,77537,77578,77490,77508,4320,5266,76.904,-62,5266,-62,-62
2016-02-20 22:15:00,77517,77536,77469,77490,1570,5266,76.904,-20,5266,-20,-20
2016-02-20 22:30:00,77487,77590,77479,77558,5778,5266,76.904,-30,5266,-30,-30
2016-02-20 22:45:00,77559,77576,77503,77512,2112,5266,76.904,72,5266,72,72
2016-02-20 23:00:00,77512,77560,77492,77500,3056,5266,76.904,-47,5266,-47,-47
2016-02-20 23:15:00,77499,77522,77445,77515,6016,5266,76.904,-13,5266,-13,-13
2016-02-20 23:30:00,77515,77516,77420,77443,6252,5266,76.904,16,5266,16,16
2016-02-20 23:45:00,77442,77500,77441,77500,2640,5266,76.904,-73,5266,-73,-73
2016-02-22 10:00:00,77423,77423,76486,76743,146354,5266,76.904,-19,5266,-19,-19
2016-02-22 10:15:00,76746,76858,76670,76787,47397,5266,76.904,-677,5266,-677,-677
2016-02-22 10:30:00,76788,76964,76714,76733,60775,5266,76.904,42,5266,42,42
2016-02-22 10:45:00,76730,76882,76704,76766,32980,5266,76.904,-58,5266,-58,-58
2016-02-22 11:00:00,76770,76770,76351,76454,136328,5266,76.904,40,5266,40,40
2016-02-22 11:15:00,76451,76699,76396,76667,71123,5266,76.904,-319,5266,-319,-319
2016-02-22 11:30:00,76667,76691,76559,76603,47597,5266,76.904,216,5266,216,216
2016-02-22 11:45:00,76597,76654,76532,76568,34810,5266,76.904,-70,5266,-70,-70
2016-02-22 12:00:00,76572,76800,76508,76741,62924,5266,76.904,-25,5266,-25,-25
2016-02-22 12:15:00,76743,76848,76654,76830,35025,5266,76.904,171,5266,171,171
2016-02-22 12:30:00,76833,76858,76661,76672,27608,5266,76.904,90,5266,90,90
2016-02-22 12:45:00,76671,76714,76461,76478,57238,5266,76.904,-162,5266,-162,-162
2016-02-22 13:00:00,76479,76545,76399,76514,40845,5266,76.904,-192,5266,-192,-192
2016-02-22 13:15:00,76514,76554,76151,76192,85594,5266,76.904,35,5266,35,35
2016-02-22 13:30:00,76192,76354,76176,76348,54820,5266,76.904,-322,5266,-322,-322
2016-02-22 13:45:00,76349,76380,76280,76302,22977,5266,76.904,157,5266,157,157
2016-02-22 14:05:00,76292,76292,76162,76204,23541,5266,76.904,-57,5266,-57,-57
2016-02-22 14:15:00,76201,76281,76170,76215,20393,5266,76.904,-91,5266,-91,-91
2016-02-22 14:30:00,76215,76281,76065,76108,33337,5266,76.904,14,5266,14,14
2016-02-22 14:45:00,76103,76199,76020,76020,34440,5266,76.904,-112,5266,-112,-112
2016-02-22 15:00:00,76023,76341,75967,76293,59113,5266,76.904,-80,5266,-80,-80
2016-02-22 15:15:00,76291,76399,76166,76180,47826,5266,76.904,268,5266,268,268
2016-02-22 15:30:00,76180,76274,76122,76239,41124,5266,76.904,-111,5266,-111,-111
2016-02-22 15:45:00,76234,76269,76134,76259,34196,5266,76.904,54,5266,54,54
2016-02-22 16:00:00,76260,76260,76011,76158,60271,5266,76.904,26,5266,26,26
2016-02-22 16:15:00,76154,76174,75881,75889,58066,5266,76.904,-106,5266,-106,-106
2016-02-22 16:30:00,75887,76118,75780,75965,78751,5266,76.904,-267,5266,-267,-267
2016-02-22 16:45:00,75970,76084,75853,75961,57217,5266,76.904,83,5266,83,83
2016-02-22 17:00:00,75961,76289,75880,76263,80105,5266,76.904,-9,5266,-9,-9
2016-02-22 17:15:00,76267,76285,75936,75966,62527,5266,76.904,306,5266,306,306
2016-02-22 17:30:00,75964,76041,75815,75899,73491,5266,76.904,-303,5266,-303,-303
2016-02-22 17:45:00,75900,75990,75655,75948,115393,5266,76.904,-64,5266,-64,-64
2016-02-22 18:00:00,75948,75950,75736,75910,55995,5266,76.904,48,5266,48,48
2016-02-22 18:15:00,75911,75939,75707,75735,42161,5266,76.904,-37,5266,-37,-37
2016-02-22 18:30:00,75730,75828,75617,75765,63799,5266,76.904,-181,5266,-181,-181
2016-02-22 19:00:00,75808,75969,75772,75798,36661,5266,76.904,78,5266,78,78
2016-02-22 19:15:00,75793,75850,75673,75721,38678,5266,76.904,-15,5266,-15,-15
2016-02-22 19:30:00,75720,75732,75640,75701,24563,5266,76.904,-73,5266,-73,-73
2016-02-22 19:45:00,75701,75725,75601,75601,23969,5266,76.904,-19,5266,-19,-19
2016-02-22 20:00:00,75606,75724,75603,75686,34532,5266,76.904,-95,5266,-95,-95
2016-02-22 20:15:00,75686,75714,75566,75577,27458,5266,76.904,80,5266,80,80
2016-02-22 20:30:00,75577,75604,75517,75566,23005,5266,76.904,-109,5266,-109,-109
2016-02-22 20:45:00,75565,75630,75516,75558,17092,5266,76.904,-12,5266,-12,-12
2016-02-22 21:00:00,75553,75571,75460,75521,19520,5266,76.904,-12,5266,-12,-12
2016-02-22 21:15:00,75521,75528,75347,75490,44336,5266,76.904,-32,5266,-32,-32
2016-02-22 21:30:00,75490,75573,75433,75555,23610,5266,76.904,-31,5266,-31,-31
2016-02-22 21:45:00,75551,75704,75533,75696,22025,5266,76.904,61,5266,61,61
2016-02-22 22:00:00,75699,75765,75697,75750,41522,5266,76.904,148,5266,148,148
2016-02-22 22:15:00,75750,75854,75696,75704,43213,5266,76.904,51,5266,51,51
2016-02-22 22:30:00,75705,75848,75670,75833,22892,5266,76.904,-45,5266,-45,-45
2016-02-22 22:45:00,75839,75888,75800,75845,23680,5266,76.904,134,5266,134,134
2016-02-22 23:00:00,75845,75880,75794,75807,13806,5266,76.904,6,5266,6,6
2016-02-22 23:15:00,75810,75840,75740,75756,16919,5266,76.904,-35,5266,-35,-35
2016-02-22 23:30:00,75755,75770,75684,75697,12547,5266,76.904,-55,5266,-55,-55
2016-02-22 23:45:00,75697,75776,75687,75732,6723,5266,76.904,-58,5266,-58,-58
2016-02-24 10:00:00,75777,77750,75777,76752,269298,5266,76.904,80,5266,80,80
2016-02-24 10:15:00,76753,76842,76417,76564,129461,5266,76.904,976,5266,976,976
2016-02-24 10:30:00,76566,76727,76483,76712,101140,5266,76.904,-187,5266,-187,-187
2016-02-24 10:45:00,76711,76743,76622,76709,64604,5266,76.904,145,5266,145,145
2016-02-24 11:00:00,76709,76964,76692,76936,137537,5266,76.904,-2,5266,-2,-2
2016-02-24 11:15:00,76935,77150,76935,76996,150165,5266,76.904,226,5266,226,226
2016-02-24 11:30:00,76995,77050,76904,76986,85007,5266,76.904,60,5266,60,60
2016-02-24 11:45:00,76990,77010,76877,76982,70718,5266,76.904,-5,5266,-5,-5
2016-02-24 12:00:00,76982,77558,76982,77548,222317,5266,76.904,-8,5266,-8,-8
2016-02-24 12:15:00,77552,77697,77463,77612,149020,5266,76.904,570,5266,570,570
2016-02-24 12:30:00,77614,77874,77570,77702,177397,5266,76.904,62,5266,62,62
2016-02-24 12:45:00,77702,77734,77390,77555,125155,5266,76.904,88,5266,88,88
2016-02-24 13:00:00,77555,77715,77520,77649,106746,5266,76.904,-147,5266,-147,-147
2016-02-24 13:15:00,77648,77720,77415,77495,65106,5266,76.904,93,5266,93,93
2016-02-24 13:30:00,77495,77647,77495,77608,36331,5266,76.904,-153,5266,-153,-153
2016-02-24 13:45:00,77605,77800,77576,77604,111467,5266,76.904,110,5266,110,110
2016-02-24 14:05:00,77601,77619,77437,77438,41596,5266,76.904,-4,5266,-4,-4
2016-02-24 14:15:00,77439,77684,77426,77574,49816,5266,76.904,-162,5266,-162,-162
2016-02-24 14:30:00,77572,77600,77354,77565,74178,5266,76.904,133,5266,133,133
2016-02-24 14:45:00,77569,77627,77432,77459,59227,5266,76.904,-3,5266,-3,-3
2016-02-24 15:00:00,77458,77656,77451,77603,66808,5266,76.904,-111,5266,-111,-111
2016-02-24 15:15:00,77603,77677,77520,77584,60319,5266,76.904,145,5266,145,145
2016-02-24 15:30:00,77588,77650,77538,77631,57718,5266,76.904,-15,5266,-15,-15
2016-02-24 15:45:00,77628,77752,77397,77456,73487,5266,76.904,40,5266,40,40
2016-02-24 16:00:00,77457,77576,77275,77551,81678,5266,76.904,-171,5266,-171,-171
2016-02-24 16:15:00,77554,77600,77393,77451,66197,5266,76.904,97,5266,97,97
2016-02-24 16:30:00,77452,77566,77313,77510,113865,5266,76.904,-102,5266,-102,-102
2016-02-24 16:45:00,77514,77670,77470,77520,70155,5266,76.904,62,5266,62,62
2016-02-24 17:00:00,77522,77731,77475,77720,68536,5266,76.904,8,5266,8,8
2016-02-24 17:15:00,77719,77944,77713,77821,172495,5266,76.904,197,5266,197,197
2016-02-24 17:30:00,77825,77983,77820,77887,94111,5266,76.904,106,5266,106,106
2016-02-24 17:45:00,77887,78017,77854,77878,96169,5266,76.904,62,5266,62,62
2016-02-24 18:00:00,77880,77957,77759,77798,72533,5266,76.904,-7,5266,-7,-7
2016-02-24 18:15:00,77797,77867,77700,77719,60043,5266,76.904,-83,5266,-83,-83
2016-02-24 18:30:00,77720,77741,77050,77141,356860,5266,76.904,-77,5266,-77,-77
2016-02-24 19:00:00,77160,77374,77100,77350,86301,5266,76.904,-560,5266,-560,-560
2016-02-24 19:15:00,77342,77407,77201,77235,73138,5266,76.904,182,5266,182,182
2016-02-24 19:30:00,77233,77277,76996,76996,71696,5266,76.904,-109,5266,-109,-109
2016-02-24 19:45:00,76996,77038,76808,76824,120181,5266,76.904,-237,5266,-237,-237
2016-02-24 20:00:00,76823,76961,76603,76742,106448,5266,76.904,-173,5266,-173,-173
2016-02-24 20:15:00,76737,76796,76615,76783,62722,5266,76.904,-86,5266,-86,-86
2016-02-24 20:30:00,76784,76960,76512,76523,73475,5266,76.904,47,5266,47,47
2016-02-24 20:45:00,76528,76705,76510,76698,45701,5266,76.904,-256,5266,-256,-256
2016-02-24 21:00:00,76696,76749,76532,76697,42334,5266,76.904,168,5266,168,168
2016-02-24 21:15:00,76692,76760,76590,76598,34642,5266,76.904,-4,5266,-4,-4
2016-02-24 21:30:00,76598,76761,76589,76716,25559,5266,76.904,-94,5266,-94,-94
2016-02-24 21:45:00,76715,76814,76700,76789,26596,5266,76.904,117,5266,117,117
2016-02-24 22:00:00,76793,76844,76625,76650,29969,5266,76.904,78,5266,78,78
2016-02-24 22:15:00,76652,76742,76527,76546,39905,5266,76.904,-141,5266,-141,-141
2016-02-24 22:30:00,76543,76599,76400,76418,45625,5266,76.904,-109,5266,-109,-109
2016-02-24 22:45:00,76412,76510,76400,76477,18875,5266,76.904,-131,5266,-131,-131
2016-02-24 23:00:00,76477,76499,76163,76174,42727,5266,76.904,65,5266,65,65
2016-02-24 23:15:00,76175,76226,76121,76131,35045,5266,76.904,-302,5266,-302,-302
2016-02-24 23:30:00,76131,76199,76080,76185,33162,5266,76.904,-44,5266,-44,-44
2016-02-24 23:45:00,76185,76206,76074,76136,16324,5266,76.904,54,5266,54,54
2016-02-25 10:00:00,76141,76766,76141,76683,178849,5266,76.904,-44,5266,-44,-44
2016-02-25 10:15:00,76683,76731,76640,76716,72360,5266,76.904,542,5266,542,542
2016-02-25 10:30:00,76716,77010,76656,77010,110845,5266,76.904,33,5266,33,33
2016-02-25 10:45:00,77007,77084,76771,76778,109208,5266,76.904,291,5266,291,291
2016-02-25 11:00:00,76777,76886,76606,76793,187511,5266,76.904,-230,5266,-230,-230
2016-02-25 11:15:00,76793,76926,76752,76858,149516,5266,76.904,16,5266,16,16
2016-02-25 11:30:00,76857,76885,76570,76629,110814,5266,76.904,64,5266,64,64
2016-02-25 11:45:00,76628,76919,76606,76907,150620,5266,76.904,-229,5266,-229,-229
2016-02-25 12:00:00,76906,76953,76734,76786,92494,5266,76.904,278,5266,278,278
2016-02-25 12:15:00,76790,76833,76676,76726,67639,5266,76.904,-116,5266,-116,-116
2016-02-25 12:30:00,76727,76776,76587,76736,68414,5266,76.904,-63,5266,-63,-63
2016-02-25 12:45:00,76740,76756,76600,76726,48291,5266,76.904,13,5266,13,13
2016-02-25 13:00:00,76732,76796,76617,76662,80933,5266,76.904,-8,5266,-8,-8
2016-02-25 13:15:00,76662,76718,76608,76669,46926,5266,76.904,-70,5266,-70,-70
2016-02-25 13:30:00,76666,76675,76483,76583,89398,5266,76.904,4,5266,4,4
2016-02-25 13:45:00,76581,76594,76345,76407,71491,5266,76.904,-85,5266,-85,-85
2016-02-25 14:05:00,76414,76527,76400,76492,40560,5266,76.904,-167,5266,-167,-167
2016-02-25 14:15:00,76492,76557,76259,76310,81937,5266,76.904,78,5266,78,78
2016-02-25 14:30:00,76307,76376,76161,76249,82153,5266,76.904,-185,5266,-185,-185
2016-02-25 14:45:00,76249,76320,76127,76132,54393,5266,76.904,-58,5266,-58,-58
2016-02-25 15:00:00,76132,76189,75945,75995,127247,5266,76.904,-117,5266,-117,-117
2016-02-25 15:15:00,75992,76108,75964,76096,49776,5266,76.904,-140,5266,-140,-140
2016-02-25 15:30:00,76092,76195,76051,76189,51639,5266,76.904,100,5266,100,100
2016-02-25 15:45:00,76186,76313,76084,76297,69969,5266,76.904,94,5266,94,94
2016-02-25 16:00:00,76297,76558,76273,76519,109309,5266,76.904,111,5266,111,111
2016-02-25 16:15:00,76519,76569,76382,76504,69928,5266,76.904,222,5266,222,222
2016-02-25 16:30:00,76505,76779,76413,76666,199730,5266,76.904,-14,5266,-14,-14
2016-02-25 16:45:00,76666,76710,76345,76397,115873,5266,76.904,161,5266,161,161
2016-02-25 17:00:00,76398,76457,76030,76257,167442,5266,76.904,-268,5266,-268,-268
2016-02-25 17:15:00,76260,76407,76192,76397,118067,5266,76.904,-138,5266,-138,-138
2016-02-25 17:30:00,76393,76629,76112,76597,134193,5266,76.904,133,5266,133,133
2016-02-25 17:45:00,76596,76624,76420,76542,104750,5266,76.904,203,5266,203,203
2016-02-25 18:00:00,76540,76693,76458,76460,106972,5266,76.904,-56,5266,-56,-56
2016-02-25 18:15:00,76460,76543,76319,76433,85213,5266,76.904,-80,5266,-80,-80
2016-02-25 18:30:00,76432,76681,76431,76638,91302,5266,76.904,-28,5266,-28,-28
2016-02-25 19:00:00,76660,76871,76611,76733,104763,5266,76.904,228,5266,228,228
2016-02-25 19:15:00,76742,76764,76422,76465,61919,5266,76.904,82,5266,82,82
2016-02-25 19:30:00,76464,76557,76380,76511,47587,5266,76.904,-278,5266,-278,-278
2016-02-25 19:45:00,76510,76565,76111,76186,71308,5266,76.904,46,5266,46,46
2016-02-25 20:00:00,76184,76323,76126,76242,34531,5266,76.904,-326,5266,-326,-326
2016-02-25 20:15:00,76241,76344,76142,76212,36687,5266,76.904,57,5266,57,57
2016-02-25 20:30:00,76206,76384,76152,76331,28633,5266,76.904,-35,5266,-35,-35
2016-02-25 20:45:00,76338,76428,76210,76270,20323,5266,76.904,132,5266,132,132
2016-02-25 21:00:00,76268,76360,76240,76319,16582,5266,76.904,-70,5266,-70,-70
2016-02-25 21:15:00,76319,76327,76158,76189,30210,5266,76.904,51,5266,51,51
2016-02-25 21:30:00,76190,76209,75962,75974,59736,5266,76.904,-129,5266,-129,-129
2016-02-25 21:45:00,75971,75996,75816,75873,80995,5266,76.904,-219,5266,-219,-219
2016-02-25 22:00:00,75868,76030,75775,75792,81690,5266,76.904,-103,5266,-103,-103
2016-02-25 22:15:00,75793,75941,75651,75896,100149,5266,76.904,-75,5266,-75,-75
2016-02-25 22:30:00,75896,75905,75731,75848,37375,5266,76.904,103,5266,103,103
2016-02-25 22:45:00,75854,75859,75678,75686,28886,5266,76.904,-42,5266,-42,-42
2016-02-25 23:00:00,75681,75710,75560,75616,28456,5266,76.904,-173,5266,-173,-173
2016-02-25 23:15:00,75618,75793,75601,75762,54850,5266,76.904,-63,5266,-63,-63
2016-02-25 23:30:00,75758,75843,75711,75728,31733,5266,76.904,140,5266,140,140
2016-02-25 23:45:00,75728,75810,75718,75757,7268,5266,76.904,-30,5266,-30,-30
2016-02-26 10:00:00,75811,75906,75630,75676,149581,5266,76.904,83,5266,83,83
2016-02-26 10:15:00,75677,75687,75386,75456,249153,5266,76.904,-134,5266,-134,-134
2016-02-26 10:30:00,75456,75583,75241,75575,193647,5266,76.904,-221,5266,-221,-221
2016-02-26 10:45:00,75570,75576,75273,75383,116264,5266,76.904,114,5266,114,114
2016-02-26 11:00:00,75383,75487,75170,75183,218401,5266,76.904,-187,5266,-187,-187
2016-02-26 11:15:00,75185,75249,75025,75188,202743,5266,76.904,-198,5266,-198,-198
2016-02-26 11:30:00,75187,75359,75181,75260,96217,5266,76.904,2,5266,2,2
2016-02-26 11:45:00,75261,75486,75251,75353,92758,5266,76.904,74,5266,74,74
2016-02-26 12:00:00,75353,75378,75178,75279,121542,5266,76.904,92,5266,92,92
2016-02-26 12:15:00,75279,75499,75089,75338,365315,5266,76.904,-74,5266,-74,-74
2016-02-26 12:30:00,75342,75462,75288,75337,88184,5266,76.904,63,5266,63,63
2016-02-26 12:45:00,75333,75387,75068,75219,115204,5266,76.904,-9,5266,-9,-9
2016-02-26 13:00:00,75219,75259,75000,75168,145938,5266,76.904,-114,5266,-114,-114
2016-02-26 13:15:00,75168,75360,75145,75309,77855,5266,76.904,-51,5266,-51,-51
2016-02-26 13:30:00,75310,75386,75219,75296,60068,5266,76.904,142,5266,142,142
2016-02-26 13:45:00,75298,75318,75223,75278,31298,5266,76.904,-12,5266,-12,-12
2016-02-26 14:05:00,75278,75384,75189,75264,51738,5266,76.904,-20,5266,-20,-20
2016-02-26 14:15:00,75265,75382,75183,75355,54960,5266,76.904,-13,5266,-13,-13
2016-02-26 14:30:00,75353,75546,75250,75506,91610,5266,76.904,88,5266,88,88
2016-02-26 14:45:00,75510,75684,75455,75523,104911,5266,76.904,157,5266,157,157
2016-02-26 15:00:00,75518,75769,75507,75685,100507,5266,76.904,8,5266,8,8
2016-02-26 15:15:00,75683,75891,75596,75823,112143,5266,76.904,165,5266,165,165
2016-02-26 15:30:00,75825,75983,75655,75914,133867,5266,76.904,142,5266,142,142
2016-02-26 15:45:00,75911,75978,75673,75698,102950,5266,76.904,86,5266,86,86
2016-02-26 16:00:00,75694,75847,75521,75760,111463,5266,76.904,-217,5266,-217,-217
2016-02-26 16:15:00,75764,75823,75345,75379,120073,5266,76.904,70,5266,70,70
2016-02-26 16:30:00,75380,75514,75016,75021,234772,5266,76.904,-384,5266,-384,-384
2016-02-26 16:45:00,75018,75067,74811,74985,261046,5266,76.904,-362,5266,-362,-362
2016-02-26 17:00:00,74973,75263,74941,75032,164815,5266,76.904,-45,5266,-45,-45
2016-02-26 17:15:00,75035,75140,74785,75106,157347,5266,76.904,62,5266,62,62
2016-02-26 17:30:00,75110,75299,74996,75223,122191,5266,76.904,75,5266,75,75
2016-02-26 17:45:00,75225,75494,75200,75465,117388,5266,76.904,115,5266,115,115
2016-02-26 18:00:00,75467,75874,75462,75734,180985,5266,76.904,242,5266,242,242
2016-02-26 18:15:00,75731,76120,75685,75925,187161,5266,76.904,264,5266,264,264
2016-02-26 18:30:00,75920,76005,75741,75890,117143,5266,76.904,189,5266,189,189
2016-02-26 19:00:00,75997,76049,75749,75993,88879,5266,76.904,77,5266,77,77
2016-02-26 19:15:00,75996,76074,75744,76071,64843,5266,76.904,-1,5266,-1,-1
2016-02-26 19:30:00,76070,76343,76013,76190,99299,5266,76.904,74,5266,74,74
2016-02-26 19:45:00,76191,76333,76122,76333,52190,5266,76.904,121,5266,121,121
2016-02-26 20:00:00,76329,76535,76276,76474,74591,5266,76.904,138,5266,138,138
2016-02-26 20:15:00,76468,76493,76126,76167,50655,5266,76.904,139,5266,139,139
2016-02-26 20:30:00,76167,76400,76163,76315,42227,5266,76.904,-301,5266,-301,-301
2016-02-26 20:45:00,76316,76589,76272,76505,63742,5266,76.904,149,5266,149,149
2016-02-26 21:00:00,76507,76610,76392,76514,46528,5266,76.904,191,5266,191,191
2016-02-26 21:15:00,76511,76634,76496,76602,36449,5266,76.904,4,5266,4,4
2016-02-26 21:30:00,76606,76680,76541,76631,32879,5266,76.904,95,5266,95,95
2016-02-26 21:45:00,76636,76751,76554,76703,40708,5266,76.904,30,5266,30,30
2016-02-26 22:00:00,76704,76761,76569,76680,37366,5266,76.904,68,5266,68,68
2016-02-26 22:15:00,76682,76724,76581,76666,31167,5266,76.904,-22,5266,-22,-22
2016-02-26 22:30:00,76664,76696,76606,76644,17265,5266,76.904,-18,5266,-18,-18
2016-02-26 22:45:00,76642,76662,76621,76653,9153,5266,76.904,-22,5266,-22,-22
2016-02-26 23:00:00,76649,76674,76480,76515,26918,5266,76.904,7,5266,7,7
2016-02-26 23:15:00,76511,76604,76507,76595,13803,5266,76.904,-138,5266,-138,-138
2016-02-26 23:30:00,76594,76630,76489,76530,20950,5266,76.904,83,5266,83,83
2016-02-26 23:45:00,76530,76545,76501,76541,10207,5266,76.904,-64,5266,-64,-64
