"","StartDate","EndDate","Period","NumTradeDays","NumBars","NumBarsTrade","NumBarsNoTrade","SharpRatio","SortinoRatio","CalmarRatio","SterlingRatio","RecoveryFactor","WinRatio","MaxDrawdownDay","MaxDrawdown","MaxDrawdownPercent","MeanDrawdown","MeanDrawdownPercent","MaxDrawdownDays","MeanDrawdownDays","NowDrawdownDays","NowDrawdownPeriods","NowDrawdown","NowDrawdownPercent","Return","ReturnPercent","ReturnAnnual","ReturnMonthly","ReturnBar","ReturnBarTrade","BestDay","BestDayReturn","BestDayReturnPercent","MeanGoodDayReturn","MeanGoodDayReturnPercent","NumGoogDay","NumGoogDayPercent","MaxGoodDays","FullGoodDayReturn","WorstDay","WorstDayReturn","WorstDayReturnPercent","MeanBadDayReturn","MeanBadDayReturnPercent","NumBadDay","NumBadDayPercent","MaxBadDays","FullBadDayReturn","ProfitFactorDaily","DealsNum","NumGoogDeals","NumBadDeals","MaxGoodDeals","MaxBadDeals","FullGoodDealReturn","FullBadDealReturn","MeanGoodDealReturn","MeanGoodDealReturnPercent","MeanBadDealReturn","MeanBadDealReturnPercent","MeanDealBars","MeanGoodDealBars","MeanBadDealBars","MeanDealReturn","MeanDealReturnPercent","ProfitFactorDeals","sma.per_","add.per_","k.mm_"
"1",2016-02-01 10:15:00,2016-02-26 23:45:00,"15 mins",20,1099,196,903,-0.0552446837589374,-0.0773220932740617,-0.00780431414515717,-0.00780405487423111,-0.88264914419907,1.22356602238155,2016-02-26 16:30:00,-44286,-4.41170757170793,-7144,-0.712155314478167,16,6,16,921,-42918,-4.27542938090053,-39089,-3.9089,-488612.5,-39089,-35.5677888989991,-199.433673469388,2016-02-22,12085,1.22728980694432,3427.33333333333,0.347257586133634,15,75,7,51410,2016-02-16,-8516,-0.864043961128168,-2623.4,-0.265387581790297,5,25,2,-13117,3.91934131280018,569,220,349,5,16,131831,-170920,599.231818181818,0.0619534168586823,-489.74212034384,-0.0506852628242207,0,1,1,-68.6977152899824,-68.6977152899824,0.771302363678914,2,10,0.02
"2",2016-02-01 10:30:00,2016-02-26 23:45:00,"15 mins",20,1098,271,827,-0.0420879854550868,-0.059672185087484,-0.146893999164617,-0.146767475478859,-0.801525751005033,1.1652360783729,2016-02-26 14:30:00,-31591,-3.14280455836488,-4199.08333333333,-0.418140852066351,15,3,15,860,-30506,-3.03486422897278,-25321,-2.5321,-316512.5,-25321,-23.0610200364299,-93.4354243542435,2016-02-18,8955,0.89867050955772,2883.66666666667,0.290663151233329,12,60,4,34604,2016-02-15,-2813,-0.283888495300147,-1339.75,-0.134717078640107,8,40,2,-10718,3.22858742302668,394,161,233,5,12,104639,-129960,649.931677018634,0.066919370545804,-557.768240343348,-0.0574336988295349,1,2,1,-64.2664974619289,-64.2664974619289,0.805163127116036,3,10,0.02
"3",2016-02-01 10:45:00,2016-02-26 23:45:00,"15 mins",20,1097,280,817,-0.0402194528136506,-0.0558027794416819,-0.00331556455492287,-0.00331549871896736,-0.681713628522139,1.21007705347819,2016-02-24 16:15:00,-34780,-3.45730113808628,-4313.92307692308,-0.429414179419679,15,3,15,853,-29697,-2.95202621902669,-23710,-2.371,-296375,-23710,-21.6134913400182,-84.6785714285714,2016-02-10,9468,0.951406711296096,5334.375,0.537619212021647,8,40,3,42675,2016-02-15,-3203,-0.32551673113314,-1703.91666666667,-0.172236213263731,12,60,4,-20447,2.08710324252947,325,129,196,6,20,92760,-116470,719.06976744186,0.0742549232292688,-594.234693877551,-0.0613153395460086,1,3,1,-72.9538461538462,-72.9538461538462,0.796428264789216,4,10,0.02
"4",2016-02-01 11:00:00,2016-02-26 23:45:00,"15 mins",20,1096,294,802,-0.0209307062672046,-0.0300668649745422,-0.0115827850032643,-0.0115813227150427,-0.420198256935666,1.4185197929736,2016-02-25 19:45:00,-30062,-2.9686876626942,-2979.73684210526,-0.294865839378825,13,3,13,768,-25268,-2.49526977117148,-12632,-1.2632,-157900,-12632,-11.5255474452555,-42.9659863945578,2016-02-10,10337,1.02643387460169,3625.8,0.362003649663676,10,50,4,36258,2016-02-15,-4929,-0.496117820181698,-2480.3,-0.248344103857985,10,50,4,-24803,1.46183929363383,285,109,176,5,18,91348,-103980,838.05504587156,0.0857943820193117,-590.795454545455,-0.0604385073241372,2,4,1,-44.3228070175439,-44.3228070175439,0.878515099057511,5,10,0.02
"5",2016-02-01 11:15:00,2016-02-26 23:45:00,"15 mins",20,1095,309,786,-0.0279245773563075,-0.040337255332522,-0.044723199933843,-0.0447075679170887,-0.51695193715088,1.52994521059262,2016-02-25 21:30:00,-33477,-3.31469557614829,-3130.27777777778,-0.310702597034056,13,3,13,745,-27263,-2.69942185657409,-17306,-1.7306,-216325,-17306,-15.8045662100457,-56.0064724919094,2016-02-18,10460,1.05473000021175,3798.63636363636,0.381498034252517,11,55,3,41785,2016-02-08,-7145,-0.713057484708435,-2884.66666666667,-0.291141396090536,9,45,3,-25962,1.60946768353748,263,92,171,7,17,80539,-97845,875.423913043478,0.0901766895625498,-572.19298245614,-0.0588742560198567,2,5,1,-65.8022813688213,-65.8022813688213,0.823128417394859,6,10,0.02
"6",2016-02-01 11:30:00,2016-02-26 23:45:00,"15 mins",20,1094,315,779,-0.0149678068817815,-0.0226022433660557,-0.078685678206882,-0.0785942894981632,-0.341490333384077,1.72283832373381,2016-02-26 14:30:00,-26276,-2.59689688809209,-2207.73684210526,-0.218688433420879,14,4,14,775,-20796,-2.05530018590208,-8973,-0.8973,-112162.5,-8973,-8.20201096892139,-28.4857142857143,2016-02-18,8849,0.884581550641769,3103.72727272727,0.309749381054365,11,55,2,34141,2016-02-08,-8060,-0.803063998023227,-2788.55555555556,-0.279584649713151,9,45,2,-25097,1.36036179623063,237,81,156,6,14,76120,-85093,939.753086419753,0.0963064865748355,-545.467948717949,-0.0558322328504441,3,6,1,-37.8607594936709,-37.8607594936709,0.894550668092558,7,10,0.02
"7",2016-02-01 11:45:00,2016-02-26 23:45:00,"15 mins",20,1093,326,767,-0.00536165918597381,-0.00838935665302757,-0.0216027138525772,-0.0215853063474582,-0.198822049405306,1.90888842303862,2016-02-12 18:15:00,-17488,-1.73551463546551,-3468.66666666667,-0.344529531568398,18,9,18,1030,-11132,-1.10474319087386,-3477,-0.3477,-43462.5,-3477,-3.1811527904849,-10.6656441717791,2016-02-18,7573,0.756316032841273,2434.41666666667,0.243255376112082,12,60,4,29213,2016-02-02,-4893,-0.489450261230198,-3123.25,-0.313432746599941,8,40,2,-24986,1.1691747378532,207,69,138,3,11,72847,-76324,1055.75362318841,0.1081861815653,-553.072463768116,-0.0565733682765855,3,8,1,-16.7971014492754,-16.7971014492754,0.954444211519312,8,10,0.02
"8",2016-02-01 12:00:00,2016-02-26 23:45:00,"15 mins",20,1092,347,745,-0.0167253331924302,-0.0241647020663325,-0.215263770364624,-0.214726952982168,-0.374991553483343,1.87982410531813,2016-02-26 14:30:00,-29598,-2.91943299991024,-4252.375,-0.420008455949443,18,9,18,1030,-24926,-2.4586048704562,-11099,-1.1099,-138737.5,-11099,-10.1639194139194,-31.985590778098,2016-02-18,9291,0.928510395898604,3189.27272727273,0.318800718157509,11,55,4,35082,2016-02-02,-8637,-0.863321002080087,-2617.44444444444,-0.262636044655971,9,45,3,-23557,1.48923886742794,200,63,137,4,12,70779,-81878,1123.47619047619,0.115157429471856,-597.649635036496,-0.0611634760642731,3,9,1,-55.495,-55.495,0.864444661569652,9,10,0.02
"9",2016-02-01 12:15:00,2016-02-26 23:45:00,"15 mins",20,1091,444,647,-0.022998432912268,-0.0341779330144233,-0.0208006996980823,-0.0207973880120931,-0.493016718882675,1.74314069486955,2016-02-25 20:45:00,-34153,-3.37131446023728,-5043.5,-0.498695801407989,18,9,18,1030,-29885,-2.95001120382371,-16838,-1.6838,-210475,-16838,-15.4335472043996,-37.9234234234234,2016-02-18,10602,1.06105733432614,3200.5,0.320934700398338,12,60,3,38406,2016-02-02,-6166,-0.616810332323322,-2576.25,-0.259113926462695,8,40,3,-20610,1.86346433770015,202,64,138,4,12,71049,-87887,1110.140625,0.11416794943496,-636.86231884058,-0.0653968834372005,4,9,1,-83.3564356435644,-83.3564356435644,0.80841307588153,10,10,0.02
"10",2016-02-01 12:30:00,2016-02-26 23:45:00,"15 mins",20,1090,353,737,-0.0152552160621937,-0.0225356594559162,-0.0171333714803424,-0.0171301271380814,-0.383164489469475,1.81597686904497,2016-02-25 20:45:00,-30008,-2.96239550467736,-4988.85714285714,-0.493254960280802,18,9,18,1030,-24462,-2.41489332296113,-11498,-1.1498,-143725,-11498,-10.548623853211,-32.5722379603399,2016-02-18,9608,0.959743322601815,2721.42857142857,0.272295658729545,14,70,4,38100,2016-02-02,-8246,-0.824949778706171,-4058.16666666667,-0.40802139577966,6,30,2,-24349,1.56474598546142,184,59,125,4,12,68987,-80485,1169.27118644068,0.120060990915301,-643.88,-0.0659881556230492,4,9,1,-62.4891304347826,-62.4891304347826,0.857141082189228,11,10,0.02
"11",2016-02-01 12:45:00,2016-02-26 23:45:00,"15 mins",20,1089,335,754,-0.0244967167809752,-0.0352807103608646,-0.361142172523962,-0.360241568602456,-0.481984863021,1.65753803214586,2016-02-25 20:45:00,-37524,-3.69935494938083,-6744.66666666667,-0.665478699251077,18,9,18,1030,-32425,-3.19666304854689,-18086,-1.8086,-226075,-18086,-16.6078971533517,-53.9880597014925,2016-02-09,9281,0.924478816475864,2982.07692307692,0.29915395546692,13,65,6,38767,2016-02-02,-8012,-0.800438782717636,-2584.14285714286,-0.260263269703678,7,35,3,-18089,2.14312565647631,168,53,115,4,12,58520,-76606,1104.15094339623,0.113629792327307,-666.139130434783,-0.0684682079318824,4,11,1,-107.654761904762,-107.654761904762,0.763908832206355,12,10,0.02
"12",2016-02-01 13:00:00,2016-02-26 23:45:00,"15 mins",20,1088,422,666,-0.0116526816973559,-0.0166965278356305,-0.0361366949377153,-0.0361182672503427,-0.289160619014481,2.02543160044101,2016-02-25 20:45:00,-30177,-2.97622335137523,-4884.71428571429,-0.482431065332027,18,9,18,1030,-22662,-2.23505231099399,-8726,-0.8726,-109075,-8726,-8.02022058823529,-20.6777251184834,2016-02-09,7597,0.757866720403344,2640.92307692308,0.264581635613739,13,65,8,34332,2016-02-02,-10043,-1.00374994503012,-3360.57142857143,-0.338462219969134,7,35,2,-23524,1.45944567250468,146,44,102,3,8,60372,-69098,1372.09090909091,0.141230691069132,-677.43137254902,-0.069545560215748,5,13,2,-59.7671232876712,-59.7671232876712,0.873715592347101,13,10,0.02
"13",2016-02-01 13:15:00,2016-02-26 23:45:00,"15 mins",20,1087,385,702,-0.0224284893441751,-0.0318247132314407,-0.250451895043732,-0.250005456728146,-0.534567517112632,1.77702917558206,2016-02-20 23:30:00,-32140,-3.2086479751774,-9687.5,-0.967224158203057,16,6,16,933,-18849,-1.88176122228123,-17181,-1.7181,-214762.5,-17181,-15.8058877644894,-44.625974025974,2016-02-09,6947,0.699269727670326,3172.53846153846,0.321668615282368,13,65,8,41243,2016-02-24,-9299,-0.95706928280013,-3084.85714285714,-0.316369013759068,7,35,2,-21594,1.90992868389367,138,41,97,4,8,51851,-69032,1264.65853658537,0.131963834199674,-711.670103092784,-0.0738793399590262,5,13,2,-124.5,-124.5,0.75111542473056,14,10,0.02
"14",2016-02-01 13:30:00,2016-02-26 23:45:00,"15 mins",20,1086,363,723,0.00813513586039339,0.0117996176471864,0.145929276315789,0.145565362908518,0.237566102148738,2.1705842548065,2016-02-11 21:45:00,-29878,-2.93305741638067,-5256.75,-0.517167690770986,18,9,18,1024,-11566,-1.13540873143647,7098,0.7098,88725,7098,6.53591160220994,19.5537190082645,2016-02-10,6876,0.687383474205625,3299.91666666667,0.328960260027014,12,60,8,39599,2016-02-24,-12517,-1.2583642973186,-5431.125,-0.54468194860994,8,40,2,-43449,0.911390365716127,130,44,86,4,6,71315,-64217,1620.79545454545,0.166169283273963,-746.709302325581,-0.0762851984015452,6,14,2,54.6,54.6,1.11053147920333,15,10,0.02
"15",2016-02-01 13:45:00,2016-02-26 23:45:00,"15 mins",20,1085,421,664,0.0346195769924851,0.0553171358575433,2.14698669991687,2.14163261837095,1.85165337395824,5.08351472561479,2016-02-11 21:45:00,-55795,-4.94906793071394,-15440.375,-1.39191055402372,18,9,18,1024,-24071,-2.13511988816588,103313,10.3313,1291412.5,103313,95.2193548387097,245.399049881235,2016-02-10,7923,0.73392166870611,3930.88888888889,0.361695597579992,9,45,3,35378,2016-02-02,-81517,-8.08860885096249,-12174.6363636364,-1.18040727495282,11,55,3,-133921,0.264170667781752,118,41,77,5,12,163843,-60530,3996.17073170732,0.394239667983912,-786.103896103896,-0.0740679354266811,7,15,2,875.533898305085,875.533898305085,2.70680654221047,16,10,0.02
"16",2016-02-01 14:04:00,2016-02-26 23:45:00,"15 mins",20,1084,504,580,0.0372848250360796,0.0596817839427161,0.0455365276844788,0.0455344273880126,1.87295379277716,6.20815487949427,2016-02-11 22:45:00,-63410,-5.62963883660641,-18734,-1.68880628334298,18,9,18,1024,-7596,-0.674384743776413,118764,11.8764,1484550,118764,109.560885608856,235.642857142857,2016-02-10,7173,0.669731015184491,3441,0.317466830867123,10,50,6,34410,2016-02-02,-77924,-7.73995407121346,-14820.6,-1.43027845565994,10,50,3,-148206,0.232176834945954,120,38,82,6,10,182039,-63275,4790.5,0.470823239907533,-771.646341463415,-0.0729415722983348,7,16,3,989.7,989.7,2.87694982220466,17,10,0.02
"17",2016-02-01 14:15:00,2016-02-26 23:45:00,"15 mins",20,1083,525,558,0.0379270822520139,0.0603801963454788,0.0491301215988578,0.0491277551366643,2.38548855081556,6.42837552401582,2016-02-02 14:30:00,-51008,-4.55850232893998,-16919.1428571429,-1.52740864703285,18,9,18,1024,-4773,-0.423719785663304,121679,12.1679,1520987.5,121679,112.353647276085,231.769523809524,2016-02-04,7292,0.663869287305548,3712.3,0.33904129680411,10,50,6,37123,2016-02-02,-90922,-9.03018071882312,-15398.6,-1.48725492181387,10,50,3,-153986,0.241080357954619,114,36,78,6,10,183541,-61862,5098.36111111111,0.501684114345401,-793.102564102564,-0.0742088503335654,7,17,3,1067.35964912281,1067.35964912281,2.96694254954576,18,10,0.02
"18",2016-02-01 14:30:00,2016-02-26 23:45:00,"15 mins",20,1082,620,462,0.0310360113118442,0.0479767907804748,0.0416290847137629,0.0416270795557882,1.46883109476146,5.93548040359943,2016-02-16 21:15:00,-70134,-6.22609751680498,-19681.4285714286,-1.77262865767563,18,9,18,1024,-23437,-2.08060352327485,103015,10.3015,1287687.5,103015,95.2079482439926,166.153225806452,2016-02-11,10265,0.960208186979147,4609.54545454545,0.426580307080586,11,55,7,50705,2016-02-02,-86290,-8.57014027658045,-16516.4444444444,-1.6044574799547,9,45,2,-148648,0.341107852106991,112,33,79,4,10,172649,-69634,5231.78787878788,0.518817149519309,-881.443037974684,-0.0835116041733661,8,19,3,919.776785714286,919.776785714286,2.47937789011115,19,10,0.02
"19",2016-02-01 14:45:00,2016-02-26 23:45:00,"15 mins",20,1081,586,495,0.0302868425403136,0.0464782096334875,0.0453825536062378,0.0453788217952349,1.51913986467699,5.70654526037715,2016-02-16 21:15:00,-43156,-4.05938005000386,-12938.3333333333,-1.2201073093567,11,6,7,391,-4493,-0.419885743977167,65560,6.556,819500,65560,60.6475485661425,111.877133105802,2016-02-10,7140,0.690278576711316,4299.4,0.412623861573944,10,50,4,42994,2016-02-02,-46914,-4.67584812912254,-10416.4,-1.02317506687018,10,50,2,-104164,0.412752966475942,109,29,80,3,11,126910,-61350,4376.20689655172,0.438406338945595,-766.875,-0.0752835678483525,8,20,4,601.467889908257,601.467889908257,2.06862265688672,20,10,0.02
"20",2016-02-01 15:00:00,2016-02-26 23:45:00,"15 mins",20,1080,439,641,0.0277601079836484,0.0421168353344132,1.41376811594203,1.41024250966786,1.28736390630155,4.78150041570112,2016-02-11 22:45:00,-51527,-4.7824698769461,-11210,-1.04989381501304,11,6,7,391,-11886,-1.10237242863238,66334,6.6334,829175,66334,61.4203703703704,151.102505694761,2016-02-18,17838,1.65842937311035,4588.75,0.434681864203638,12,60,7,55065,2016-02-02,-49852,-4.96285721680992,-14379.625,-1.40923267548155,8,40,2,-115037,0.478672079417926,96,30,66,3,8,122865,-56531,4095.5,0.409183371277751,-856.530303030303,-0.0835124846476415,9,18,4,690.979166666667,690.979166666667,2.17340927986415,21,10,0.02
"21",2016-02-01 15:15:00,2016-02-26 23:45:00,"15 mins",20,1079,626,453,0.021041197235325,0.0295706068932538,0.153707363903321,0.153656818897104,0.902320570197248,4.36630179113044,2016-02-11 22:45:00,-60330,-5.61556161200965,-12027.8,-1.12931245652623,18,9,18,1016,-19899,-1.85221383254401,54437,5.4437,680462.5,54437,50.451343836886,86.9600638977636,2016-02-18,17221,1.62056358837064,4776.45454545455,0.457662790922412,11,55,6,52541,2016-02-17,-45256,-4.45675648261308,-11209.1111111111,-1.10333141846622,9,45,3,-100882,0.520816399357665,87,28,59,3,9,105211,-50774,3757.53571428571,0.376938908480418,-860.576271186441,-0.0849685510350221,10,21,5,625.712643678161,625.712643678161,2.07214322290936,22,10,0.02
"22",2016-02-01 15:30:00,2016-02-26 23:45:00,"15 mins",20,1078,612,466,-0.00140562049958244,-0.00160812835402548,-0.0129653892346326,-0.0129608255636595,-0.0590168008062178,1.99281961844121,2016-02-18 17:30:00,-72437,-6.87202644947988,-13729.8461538462,-1.31775911737016,11,6,6,384,-58360,-5.53655540112989,-4275,-0.4275,-53437.5,-4275,-3.96567717996289,-6.98529411764706,2016-02-18,67877,6.4394237656356,11090.1,1.07114415620446,10,50,6,110901,2016-02-17,-53736,-5.41398289843946,-9546.8,-0.960170946428245,10,50,3,-95468,1.16165626178405,85,27,58,3,10,54847,-59122,2031.37037037037,0.208464888690535,-1019.34482758621,-0.103997395443105,10,19,6,-50.2941176470588,-50.2941176470588,0.927691891343324,23,10,0.02
"23",2016-02-01 15:45:00,2016-02-26 23:45:00,"15 mins",20,1077,612,465,0.0076961296802572,0.00934938603096383,0.579632034632035,0.578186568211506,0.370013679134484,3.08835117069721,2016-02-18 17:30:00,-72373,-6.65212579781758,-16406,-1.53503077308766,11,6,6,384,-61189,-5.62415438689373,26779,2.6779,334737.5,26779,24.8644382544104,43.7565359477124,2016-02-18,67813,6.23299582340657,10384.1,0.972886351455498,10,50,7,103841,2016-02-17,-53736,-5.2352633999205,-12058,-1.18541294974253,10,50,4,-120580,0.86117930004976,79,26,53,5,9,78773,-51994,3029.73076923077,0.306616580728754,-981.018867924528,-0.0975217169302928,11,20,6,338.974683544304,338.974683544304,1.5150401969458,24,10,0.02
"24",2016-02-01 16:00:00,2016-02-26 23:45:00,"15 mins",20,1076,600,476,0.000263911367798967,0.000330344277071099,0.0268782383419689,0.0268112103161785,0.0122509225092251,2.6602190052889,2016-02-26 16:30:00,-101625,-9.25796025157966,-21317.125,-1.9580085502212,18,9,18,1016,-96459,-8.78734157842187,1245,0.1245,15562.5,1245,1.15706319702602,2.075,2016-02-18,67685,6.28943966979164,9467.25,0.90047273119816,12,60,7,113607,2016-02-17,-53736,-5.2961438955279,-13075.5,-1.29431079500734,8,40,2,-104604,1.08606745439945,83,23,60,4,11,64281,-63036,2794.82608695652,0.284401227884547,-1050.6,-0.105871362580457,10,22,6,15,15,1.01975061869408,25,10,0.02
"25",2016-02-01 16:15:00,2016-02-26 23:45:00,"15 mins",20,1075,652,423,-0.00342604896190716,-0.00425606492142763,-0.337392055267703,-0.336550678571275,-0.126865065835403,2.7135041754892,2016-02-26 16:30:00,-123186,-11.1744279711754,-18032.9090909091,-1.6550722947118,18,9,18,1016,-118020,-10.7058106372325,-15628,-1.5628,-195350,-15628,-14.5376744186047,-23.9693251533742,2016-02-18,68137,6.38756629008927,10587.2727272727,1.01710851836418,11,55,7,116460,2016-02-17,-51296,-5.09086361872512,-10087.7777777778,-1.00399288269395,9,45,4,-90790,1.28274038991078,85,19,66,3,15,55785,-71413,2936.05263157895,0.30028904651754,-1082.01515151515,-0.11010682022027,10,22,7,-183.858823529412,-183.858823529412,0.781160292943862,26,10,0.02
"26",2016-02-01 16:30:00,2016-02-26 23:45:00,"15 mins",20,1074,673,401,-0.0162248433065319,-0.0188190349776598,-1.94943820224719,-1.94457676034633,-0.454540874419355,1.2624721708319,2016-02-26 16:30:00,-198486,-17.9934729398967,-30173.1111111111,-2.7591230789857,18,9,18,1016,-193320,-17.5251563774816,-90220,-9.022,-1127750,-90220,-84.0037243947858,-134.05646359584,2016-02-18,68945,6.88809407251256,12689.0714285714,1.29463531670351,14,70,6,177647,2016-02-17,-48856,-5.17396581048137,-12760.1666666667,-1.35087120200392,6,30,2,-76561,2.32033280652029,85,16,69,3,15,37344,-127564,2334,0.257510933496519,-1848.75362318841,-0.197873747207457,11,22,8,-1061.41176470588,-1061.41176470588,0.292747170047976,27,10,0.02
"27",2016-02-01 16:45:00,2016-02-26 23:45:00,"15 mins",20,1073,754,319,-0.0186632905690737,-0.0216566413786682,-0.0701997872481883,-0.0701941627159194,-0.503932466964295,0.821697518047659,2016-02-26 16:30:00,-201146,-18.3759418828155,-30071.3333333333,-2.76677562481219,18,9,18,1016,-195980,-17.9039955564326,-101364,-10.1364,-1267050,-101364,-94.4678471575023,-134.435013262599,2016-02-18,69609,6.94505832196759,12069.5333333333,1.23671346512993,15,75,6,181043,2016-02-17,-48856,-5.16657378198573,-13683.4,-1.44304904713538,5,25,1,-68417,2.64616981159653,85,16,69,4,16,23860,-125224,1491.25,0.164052421723804,-1814.84057971014,-0.195284496125713,11,23,8,-1192.51764705882,-1192.51764705882,0.190538554909602,28,10,0.02
"28",2016-02-01 17:00:00,2016-02-26 23:45:00,"15 mins",20,1072,700,372,-0.0155845210786523,-0.0192414820860295,-0.0811380235969786,-0.0811275148515315,-0.412946783161239,1.71876903398709,2016-02-26 16:30:00,-176260,-16.048321600134,-22571.2727272727,-2.07266984744087,18,9,18,1016,-171094,-15.577961737509,-72786,-7.2786,-909825,-72786,-67.8973880597015,-103.98,2016-02-18,88753,8.46425867044581,11967.7857142857,1.17869636002917,14,70,6,167549,2016-02-17,-51296,-5.18425238868148,-14130.1666666667,-1.42490387803946,6,30,2,-84781,1.97625647255871,91,16,75,3,18,42140,-114926,2633.75,0.273918341183782,-1532.34666666667,-0.160470486036853,10,25,7,-799.846153846154,-799.846153846154,0.366670727250579,29,10,0.02
"29",2016-02-01 17:15:00,2016-02-26 23:45:00,"15 mins",20,1071,699,372,-0.0240587528444417,-0.0289174664207663,-2.52829575021683,-2.52199077328362,-0.604813402837211,0.620516631415814,2016-02-26 16:30:00,-192795,-18.0009971765339,-26553.6666666667,-2.48585198482213,18,9,18,1016,-187629,-17.5186550441447,-116605,-11.6605,-1457562.5,-116605,-108.874883286648,-166.816881258941,2016-02-18,88753,8.77957627982111,12960.5333333333,1.3258004355844,15,75,6,194408,2016-02-17,-48856,-5.11989134797467,-13470.8,-1.40797378754616,5,25,1,-67354,2.88636161178252,83,11,72,3,21,12212,-128817,1110.18181818182,0.125910585536078,-1789.125,-0.19455757852749,11,24,9,-1404.87951807229,-1404.87951807229,0.0948011520218605,30,10,0.02
"30",2016-02-01 17:30:00,2016-02-26 23:45:00,"15 mins",20,1070,564,506,-0.0219224967174043,-0.026651385669741,-2.85331455805893,-2.84619906040791,-0.494702128538644,1.14894878200706,2016-02-26 16:30:00,-266239,-23.5742417856422,-41038.2727272727,-3.70631997448551,9,6,9,525,-261073,-23.1168161903514,-131709,-13.1709,-1646362.5,-131709,-123.092523364486,-233.526595744681,2016-02-18,87462,8.74994497644992,15697.2142857143,1.61689298124412,14,70,6,219761,2016-02-17,-48856,-5.18141748717796,-12751.3333333333,-1.33678261653741,6,30,2,-76508,2.87239242954985,86,8,78,2,23,17594,-149303,2199.25,0.236798429536391,-1914.14102564103,-0.208437703462354,10,24,9,-1531.5,-1531.5,0.117840900718673,31,10,0.02
"31",2016-02-01 17:45:00,2016-02-26 23:45:00,"15 mins",20,1069,753,316,-0.0247177034556226,-0.0296234435008134,-1.26071861471861,-1.25945915556305,-0.543151714542559,0.527331189710611,2016-02-26 16:30:00,-268089,-23.9941466558073,-44625.3,-4.06745770194408,9,6,9,525,-262923,-23.5317861649855,-145613,-14.5613,-1820162.5,-145613,-136.214218896165,-193.377158034529,2016-02-18,85321,8.62156599028115,13950.6875,1.45545969431023,16,80,8,223211,2016-02-17,-51296,-5.51262252570877,-16435.5,-1.75348493967527,4,20,1,-65742,3.39525721760823,88,6,82,2,27,5844,-151457,974,0.116670135029083,-1847.03658536585,-0.203922420586584,10,17,10,-1654.69318181818,-1654.69318181818,0.0385852090032154,32,10,0.02
"32",2016-02-01 18:00:00,2016-02-26 23:45:00,"15 mins",20,1068,536,532,-0.0355528840825107,-0.0416414270458434,-3.55537564766839,-3.54650937423281,-0.694044663966656,0.482680719947134,2016-02-26 16:30:00,-237283,-22.229331704502,-32893.6666666667,-3.09047715119691,18,9,18,1016,-232117,-21.7453664495724,-164685,-16.4685,-2058562.5,-164685,-154.199438202247,-307.248134328358,2016-02-18,86821,8.82884421977691,14054.625,1.48308704028944,16,80,8,224874,2016-02-17,-41752,-4.47110200156561,-12644.5,-1.34740562154788,4,20,1,-50578,4.44608327731425,91,6,85,2,46,5809,-170494,968.166666666667,0.118557523302731,-2005.81176470588,-0.224037097741029,10,8,10,-1809.72527472527,-1809.72527472527,0.0340715802315624,33,10,0.02
"33",2016-02-01 18:15:00,2016-02-26 23:45:00,"15 mins",20,1067,696,371,-0.034608436996191,-0.0410420963910082,-4.41937445699392,-4.40835357306127,-0.653057818347552,0.267599541130921,2016-02-26 16:30:00,-311562,-28.2486254769124,-54432.5555555556,-5.01137838866638,9,6,9,525,-306396,-27.780235881218,-203468,-20.3468,-2543350,-203468,-190.691658856607,-292.33908045977,2016-02-18,88149,9.12707328765776,15687.9411764706,1.68898267852418,17,85,8,266695,2016-02-17,-41752,-4.55689957947562,-18364,-1.98324294907675,3,15,1,-55092,4.84090249037973,86,8,78,2,27,5742,-209210,717.75,0.0918622081322274,-2682.17948717949,-0.305973207758051,10,7,11,-2365.90697674419,-2365.90697674419,0.0274461067826586,34,10,0.02
"34",2016-02-01 18:30:00,2016-02-26 23:45:00,"15 mins",20,1066,529,537,-0.0372717318662687,-0.043839899858698,-4.75316317626527,-4.74130990151149,-0.713810681361018,0.260382656247212,2016-02-26 16:30:00,-305242,-28.2059266802256,-54232.6666666667,-5.07467170463925,9,6,9,525,-300076,-27.7285617788357,-217885,-21.7885,-2723562.5,-217885,-204.394934333959,-411.880907372401,2016-02-18,84269,8.9215084272042,19162.1333333333,2.09103772199462,15,75,6,287432,2016-02-17,-41752,-4.66502793296089,-11894,-1.32229737684772,5,25,1,-59470,4.8332268370607,82,8,74,2,25,6311,-224196,788.875,0.101765083040682,-3029.67567567568,-0.34832194111727,11,7,11,-2657.13414634146,-2657.13414634146,0.02814947635105,35,10,0.02
"35",2016-02-01 19:05:00,2016-02-26 23:45:00,"15 mins",20,1065,622,443,-0.0405992196053773,-0.048218684240729,-4.74657802964255,-4.73474117670079,-0.740674103802462,0.290544694690189,2016-02-26 16:30:00,-294020,-27.4507716970052,-42829.6363636364,-4.03292120812078,9,6,9,525,-288854,-26.9684552335444,-217773,-21.7773,-2722162.5,-217773,-204.481690140845,-350.117363344051,2016-02-18,51380,5.69095605403418,15995.875,1.76759399706161,16,80,8,255934,2016-02-17,-15042,-1.70179547228728,-7957,-0.894674970131358,4,20,1,-31828,8.04115872816388,83,7,76,2,33,5988,-223761,855.428571428571,0.110478576938578,-2944.22368421053,-0.338377018725231,11,6,11,-2623.77108433735,-2623.77108433735,0.0267606955635701,36,10,0.02
"36",2016-02-01 19:15:00,2016-02-26 23:45:00,"15 mins",20,1064,884,180,-0.0487649343615635,-0.0534450305658332,-7.74295774647887,-7.72364862491658,-0.823668772034966,0.173219031945988,2016-02-26 18:00:00,-427162,-39.8983398497701,-67415.8888888889,-6.33761161782708,9,6,9,525,-422466,-39.4597179593995,-351840,-35.184,-4398000,-351840,-330.676691729323,-398.009049773756,2016-02-24,139178,17.5926160006876,25800.6,2.99211365404833,15,75,8,387009,2016-02-17,-15042,-1.83145321831453,-7200.4,-0.865228758797231,5,25,1,-36002,10.7496527970668,74,6,68,2,26,5461,-357301,910.166666666667,0.139894177887439,-5254.42647058824,-0.638236854487669,13,6,13,-4754.5945945946,-4754.5945945946,0.0152840322305283,37,10,0.02
"37",2016-02-01 19:30:00,2016-02-26 23:45:00,"15 mins",20,1063,618,445,-0.0323046726592911,-0.0357211413591019,-13.1174189307625,-13.0847071628554,-0.580317183981637,0.0862026249767011,2016-02-26 18:00:00,-1031641,-72.2303128408854,-95710.7857142857,-7.20855472789007,9,6,9,525,-1026945,-71.9015225455202,-598679,-59.8679,-7483487.5,-598679,-563.197554092192,-968.736245954693,2016-02-15,384993,39.9950342924698,44392.0666666667,5.64374706899914,15,75,8,665881,2016-02-12,-38356,-4.16961084646709,-12952.4,-1.765936286231,5,25,1,-64762,10.2819709088663,79,10,69,2,19,7574,-606253,757.4,0.171198148711732,-8786.27536231884,-1.2053518463834,12,11,12,-7578.21518987342,-7578.21518987342,0.0124931340545944,38,10,0.02
"38",2016-02-01 19:45:00,2016-02-26 23:45:00,"15 mins",20,1062,443,619,-0.0341373681039215,-0.0360369950583395,-18.9511403508772,-18.9038806492541,-0.652066011561304,0.102763635344507,2016-02-26 18:00:00,-1325283,-90.996247635461,-107439.466666667,-7.81691434441165,9,6,9,525,-1320587,-90.673812065929,-864172,-86.4172,-10802150,-864172,-813.721280602637,-1950.72686230248,2016-02-15,693217,69.9688418179745,67089.4285714286,10.3263086803214,14,70,7,939252,2016-02-12,-38356,-4.04580804879104,-12187,-2.6479325071913,6,30,2,-73122,12.8449987691803,80,12,68,2,14,15961,-880133,1330.08333333333,0.648989039371333,-12943.1323529412,-2.25714572590554,12,20,10,-10802.15,-10802.15,0.0181347591784423,39,10,0.02
"39",2016-02-01 20:00:00,2016-02-26 23:45:00,"15 mins",20,1061,905,156,-0.0345774080971572,-0.0364738518228617,-6.01307609416446,-6.00838204569126,-0.65758289274197,0.081632246363102,2016-02-26 18:00:00,-1323789,-91.3845306338845,-132308.416666667,-9.64385200968285,9,6,9,525,-1319093,-91.0603537780134,-870501,-87.0501,-10881262.5,-870501,-820.453345900094,-961.87955801105,2016-02-15,693042,70.5079110575749,66575.8571428571,10.2528969824754,14,70,7,932062,2016-02-12,-38356,-4.07947076216205,-10206.5,-2.12543789181645,6,30,2,-61239,15.2200721762276,71,9,62,2,15,10439,-880940,1159.88888888889,0.760807362808094,-14208.7096774194,-2.51124291775751,13,20,12,-12260.5774647887,-12260.5774647887,0.0118498422139987,40,10,0.02
"40",2016-02-01 20:15:00,2016-02-26 23:45:00,"15 mins",20,1060,645,415,-0.041969473368197,-0.0442933428624813,-12.4119152691968,-12.3809628620417,-0.749397160191523,0.268344867506821,2016-02-26 18:00:00,-750614,-63.4280595905054,-83986.1818181818,-7.27334247508338,9,6,9,525,-745918,-63.0312402295063,-562508,-56.2508,-7031350,-562508,-530.667924528302,-872.105426356589,2016-02-15,346802,36.4832764907246,46537.3076923077,5.79949825320331,13,65,6,604985,2016-02-12,-19178,-2.06387265072792,-6329.28571428571,-0.828179543618558,7,35,2,-44305,13.6550050784336,75,7,68,1,24,15980,-578488,2282.85714285714,0.36475876840855,-8507.17647058824,-1.12816418197893,12,25,11,-7500.10666666667,-7500.10666666667,0.0276237363609963,41,10,0.02
"41",2016-02-01 20:30:00,2016-02-26 23:45:00,"15 mins",20,1059,623,436,-0.0426546254656791,-0.0450894735153106,-12.6731669611307,-12.641563053497,-0.7525122382689,0.263188807645516,2016-02-26 18:15:00,-762567,-64.3183194530429,-84746.5454545455,-7.32922093157506,9,6,9,525,-759455,-64.0558394215993,-573841,-57.3841,-7173012.5,-573841,-541.870632672332,-921.093097913323,2016-02-15,346802,36.3988824306085,41704.6666666667,5.28284028986208,15,75,7,625570,2016-02-12,-19178,-2.05898899324478,-10881,-1.45646461520425,5,25,2,-54405,11.4983916919401,75,7,68,1,24,15980,-589821,2282.85714285714,0.32405557594741,-8673.83823529412,-1.1650386835866,12,25,11,-7651.21333333333,-7651.21333333333,0.0270929654929207,42,10,0.02
"42",2016-02-01 20:45:00,2016-02-26 23:45:00,"15 mins",20,1058,745,313,-0.0327286320975853,-0.0346329788307485,-17.0244227353464,-16.9819678158068,-0.663511702183814,0.0910814380516719,2016-02-26 18:15:00,-1155639,-83.3946600642109,-104143.357142857,-7.98456551829862,9,4,9,525,-1152527,-83.170088046375,-766780,-76.678,-9584750,-766780,-724.744801512287,-1029.23489932886,2016-02-15,540594,56.7877683293853,55864.8666666667,7.96376612424817,15,75,6,837973,2016-02-12,-35448,-3.8861816248335,-14174.2,-2.19530496147482,5,25,2,-70871,11.8239195157399,69,8,61,1,17,9270,-776050,1158.75,0.281760226607015,-12722.131147541,-1.98949337875744,13,29,11,-11112.7536231884,-11112.7536231884,0.0119451066297275,43,10,0.02
"43",2016-02-01 21:00:00,2016-02-26 23:45:00,"15 mins",20,1057,779,278,-0.0354994269145271,-0.0375674245850473,-0.603527135255745,-0.60347799209678,-0.690343024663757,0.0622212567057106,2016-02-26 18:15:00,-1209913,-88.2152694842171,-126595.583333333,-9.78913386147903,9,4,9,525,-1206801,-87.9883722456265,-835255,-83.5255,-10440687.5,-835255,-790.212866603595,-1072.21437740693,2016-02-15,539904,57.5741612405812,56473.25,9.22581604920186,16,80,7,903572,2016-02-12,-35448,-3.94764097047288,-16597.75,-2.83188851210207,4,20,1,-66391,13.6098567576931,71,6,65,1,19,4825,-840080,804.166666666667,0.407490957857474,-12924.3076923077,-2.37025919584261,13,14,13,-11764.1549295775,-11764.1549295775,0.00574350061898867,44,10,0.02
"44",2016-02-01 21:15:00,2016-02-26 23:45:00,"15 mins",20,1056,649,407,-0.0356890904738944,-0.0377435552520737,-18.7098930481283,-18.6632349607265,-0.69515560077521,0.0436493925341055,2016-02-26 18:15:00,-1207931,-88.4853994413674,-107315.428571429,-8.3040965122732,9,6,9,525,-1204819,-88.2574339672952,-839700,-83.97,-10496250,-839700,-795.170454545455,-1293.83667180277,2016-02-15,539904,57.9714751102459,62602.1333333333,10.06823624341,15,75,7,939032,2016-02-02,-41532,-4.15188800339093,-18826,-2.62678327710984,5,25,2,-94130,9.97590566238181,67,7,60,1,17,4298,-843998,614,0.357456459694385,-14066.6333333333,-2.61664173540185,13,7,13,-12532.8358208955,-12532.8358208955,0.00509242912897898,45,10,0.02
"45",2016-02-01 21:30:00,2016-02-26 23:45:00,"15 mins",20,1055,631,424,-0.0360961352454885,-0.0383509498311641,-1.11611770713647,-1.1159582845244,-0.701249689181927,0.130088139736868,2016-02-26 18:15:00,-1246710,-91.0443913614047,-113087.357142857,-8.7004246431801,9,6,9,525,-1243598,-90.817129090374,-874255,-87.4255,-10928187.5,-874255,-828.677725118483,-1385.50713153724,2016-02-15,539904,57.7097346911072,69377.4,11.7502834364852,15,75,7,1040661,2016-02-02,-92292,-9.22683792949005,-30366,-4.11718146111981,5,25,2,-151830,6.85411973918198,65,7,58,1,17,13945,-888200,1992.14285714286,0.860664027837544,-15313.7931034483,-3.1490819830887,14,16,14,-13450.0769230769,-13450.0769230769,0.0157002927268633,46,10,0.02
"46",2016-02-01 21:45:00,2016-02-26 23:45:00,"15 mins",20,1054,500,554,-0.0374325125610379,-0.0397618509592049,-20.3271543985637,-20.2764632404626,-0.726804558004954,0.0511544793358639,2016-02-26 18:15:00,-1246247,-93.1873089982705,-114956.714285714,-9.03960397351927,9,6,9,525,-1243135,-92.9546112219848,-905778,-90.5778,-11322225,-905778,-859.371916508539,-1811.556,2016-02-15,539904,59.7526464615163,71182.8,12.882791424981,15,75,7,1067742,2016-02-02,-86812,-8.6732552981469,-29402,-4.26488039728569,5,25,2,-147010,7.26305693490239,61,5,56,1,22,4156,-909934,831.2,0.919060738478838,-16248.8214285714,-3.65104875790202,15,7,16,-14848.8196721311,-14848.8196721311,0.00456736422641642,47,10,0.02
"47",2016-02-01 22:00:00,2016-02-26 23:45:00,"15 mins",20,1053,1041,12,-0.0402116619807944,-0.0428405727366508,-1.5900465687205,-1.58976668022046,-0.745231661161957,0.0449441764792143,2016-02-26 16:15:00,-1348845,-100.650009625903,-130240.230769231,-10.1885709642627,9,6,9,525,-1345336,-100.38817013821,-1005202,-100.5202,-12565025,-1005202,-954.607787274454,-965.611911623439,2016-02-15,539904,59.5695664550468,76866,24.3873681459582,15,75,7,1152990,2016-02-02,-77620,-7.76069620303789,-26589.6,-4.3094411061164,5,25,2,-132948,8.67248849174113,61,5,56,2,23,4050,-1009252,810,-2.12809753820296,-18022.3571428571,-6.10373069689329,15,9,15,-16478.7213114754,-16478.7213114754,0.00401287289992985,48,10,0.02
"48",2016-02-01 22:15:00,2016-02-26 23:45:00,"15 mins",20,1052,800,252,-0.0398948519125393,-0.0425017413882447,-22.4072457245725,-22.3513673063067,-0.737372458330279,0.0564731830275872,2016-02-26 16:15:00,-1350441,-99.9472302935121,-120520.5,-9.33151514479614,9,6,9,525,-1346932,-99.6875263663505,-995778,-99.5778,-12447225,-995778,-946.557034220532,-1244.7225,2016-02-15,539316,58.7898779325937,77069.6,21.2533440372856,15,75,7,1156044,2016-02-02,-99736,-9.96666320241112,-30666,-4.53106979510544,5,25,2,-153330,7.53958129524555,61,4,57,2,26,3962,-999740,990.5,-3.93415355041601,-17539.298245614,3.93434388994583,15,12,15,-16324.2295081967,-16324.2295081967,0.00396303038790085,49,10,0.02
"49",2016-02-01 22:30:00,2016-02-26 23:45:00,"15 mins",20,1051,738,313,-0.0390164499328144,-0.0416227446980936,-21.3262803234501,-21.2730975795014,-0.703824068816337,0.322847299732308,2016-02-26 16:15:00,-1348982,-96.630079504193,-126193.769230769,-9.48123925100192,9,6,9,525,-1345473,-96.3787233341476,-949446,-94.9446,-11868075,-949446,-903.373929590866,-1286.51219512195,2016-02-15,544016,56.5367088081394,67975.5,13.6697473180975,16,80,7,1087608,2016-02-02,-83880,-8.38226652969369,-32821,-4.41525388608677,4,20,2,-131284,8.28439109106974,63,6,57,2,24,33401,-982847,5566.83333333333,2.5595820560078,-17242.9298245614,-4.74448270721055,14,18,14,-15070.5714285714,-15070.5714285714,0.0339839262876114,50,10,0.02
"50",2016-02-01 22:45:00,2016-02-26 23:45:00,"15 mins",20,1050,720,330,-0.0424468643503698,-0.0451897123381042,-23.3299413357401,-23.2717619309128,-0.735810507888388,0.0836204583780469,2016-02-26 16:15:00,-1405230,-102.741168264682,-121139.428571429,-9.25839425366051,9,6,9,525,-1401721,-102.484613281199,-1033983,-103.3983,-12924787.5,-1033983,-984.745714285714,-1436.0875,2016-02-15,611592,65.4847282391059,72609.5625,15.771483385049,16,80,7,1161753,2016-02-02,-73620,-7.35793841799327,-30223,-5.21403486702575,4,20,2,-120892,9.60984184230553,60,6,54,2,19,9697,-1043680,1616.16666666667,-0.81262025702508,-19327.4074074074,-3.17413750095798,15,18,15,-17233.05,-17233.05,0.00929116204200521,51,10,0.02
"51",2016-02-01 23:00:00,2016-02-26 23:45:00,"15 mins",20,1049,503,546,-0.045953498491814,-0.0488010264443783,-5.13568881381381,-5.13301536830949,-0.785398501560366,0.0552336906261605,2016-02-26 16:15:00,-1393583,-107.566403922331,-134534.384615385,-10.8221763995304,9,6,9,525,-1390074,-107.295554958643,-1094518,-109.4518,-13681475,-1094518,-1043.39180171592,-2175.98011928429,2016-02-15,682836,79.2370068835551,76552.625,26.4284960312299,16,80,7,1224842,2016-02-02,-73380,-7.33797064811741,-30902.5,-8.14641133617261,4,20,1,-123610,9.90892322627619,63,4,59,2,22,4114,-1098632,1028.5,-0.621464936265679,-18620.8813559322,-8.95924130911029,15,12,15,-17373.3015873016,-17373.3015873016,0.0037446569916041,52,10,0.02
"52",2016-02-01 23:15:00,2016-02-26 23:45:00,"15 mins",20,1048,608,440,-0.0460558294106388,-0.0488992466132667,-24.7225361663653,-24.6608839564741,-0.78738329363031,0.0560670422295552,2016-02-26 16:15:00,-1389063,-107.526847593606,-133367.846153846,-10.7640599333801,9,6,9,525,-1385554,-107.255217215282,-1093725,-109.3725,-13671562.5,-1093725,-1043.63072519084,-1798.88980263158,2016-02-15,682836,79.5811835620142,75646.8125,26.900186989528,16,80,7,1210349,2016-02-02,-61440,-6.14304168549706,-27521.5,-7.67901304096699,4,20,1,-110086,10.9945769670984,59,3,56,2,34,3295,-1097020,1098.33333333333,-0.867699059862473,-19589.6428571429,-9.61139347783725,16,11,16,-18537.7118644068,-18537.7118644068,0.00300359154801189,53,10,0.02
"53",2016-02-01 23:30:00,2016-02-26 23:45:00,"15 mins",20,1047,468,579,-0.0465221944274278,-0.0496516844421328,-25.3153167420814,-25.2521862763905,-0.805654878050537,0.0488106496609927,2016-02-26 16:15:00,-1388854,-109.668763937057,-170611,-13.9651805192708,9,6,9,525,-1385345,-109.391681038022,-1118937,-111.8937,-13986712.5,-1118937,-1068.70773638968,-2390.89102564103,2016-02-15,682204,81.9350096563121,77860.0625,38.8975606069009,16,80,7,1245761,2016-02-02,-58372,-5.83647627694166,-29573.5,-12.8439666154844,4,20,1,-118294,10.5310582108983,59,5,54,2,31,5080,-1124017,1016,0.231182285332517,-20815.1296296296,-29.9305872099048,16,12,16,-18965.0338983051,-18965.0338983051,0.00451950459824006,54,10,0.02
"54",2016-02-01 23:45:00,2016-02-26 23:45:00,"15 mins",20,1046,619,427,-0.0468659701604115,-0.0499580885640176,-25.4176818181818,-25.3542960779869,-0.830521061222429,0.0572506225412517,2016-02-26 16:15:00,-1346598,-109.92493159273,-169614.6,-14.3138570843398,9,8,9,525,-1343394,-109.663383988454,-1118378,-111.8378,-13979725,-1118378,-1069.19502868069,-1806.74959612278,2016-02-15,682596,86.2708916817488,77449.75,39.500423921323,16,80,7,1239196,2016-02-02,-51192,-5.11940477619105,-28343,-14.2028109388989,4,20,1,-113372,10.9303531736231,56,3,53,1,33,3636,-1122014,1212,0.00579638384171978,-21170.0754716981,-31.0281109132019,17,10,17,-19971.0357142857,-19971.0357142857,0.00324060127591991,55,10,0.02
"55",2016-02-02 10:00:00,2016-02-26 23:45:00,"15 mins",19,1045,748,297,-0.0469843489335495,-0.0500814026406567,-25.5382420091324,-25.4745556200822,-0.835451386113989,0.0526789453518316,2016-02-26 16:15:00,-1338887,-110.005603446859,-168681.9,-14.3223617760231,9,8,9,525,-1335683,-109.742356471242,-1118575,-111.8575,-14718092.1052632,-1177447.36842105,-1070.40669856459,-1495.42112299465,2016-02-15,682596,87.1418431386567,82303.8,42.0505314494233,15,78.9473684210526,7,1234557,2016-02-02,-45164,-4.5164,-27124,-14.6990444318948,4,21.0526315789474,1,-108496,11.3788250258074,51,3,48,1,34,3695,-1122270,1231.66666666667,0.21235873850739,-23380.625,-34.7154031915471,19,11,19,-21932.8431372549,-21932.8431372549,0.00329243408448947,56,10,0.02
"56",2016-02-02 10:15:00,2016-02-26 23:45:00,"15 mins",19,1044,598,446,-0.0525511688390383,-0.0555055784054365,-30.794776459854,-30.7179815060888,-0.86483008231639,0.0274845882944248,2016-02-26 16:15:00,-1561050,-129.116863975067,-191425.7,-16.2919210881438,9,8,9,525,-1559064,-128.952598838234,-1350043,-135.0043,-17763723.6842105,-1421097.89473684,-1293.14463601533,-2257.59698996656,2016-02-15,817764,105.486765845963,96479.5333333333,-15.3452887393149,15,78.9473684210526,7,1447193,2016-02-02,-42288,-4.2288,-22695.5,0.0949302641960548,4,21.0526315789474,1,-90782,15.9414090899077,53,3,50,1,34,2230,-1352273,743.333333333333,-0.263539770571951,-27045.46,2.24370265568506,18,11,18,-25472.5094339623,-25472.5094339623,0.00164907529766549,57,10,0.02
"57",2016-02-02 10:30:00,2016-02-26 23:45:00,"15 mins",19,1043,530,513,-0.052969667804334,-0.0559521305259793,-1.30612025632171,-1.30598307322578,-0.871346994047676,0.0234374656382453,2016-02-26 16:15:00,-1562583,-130.318962174064,-213105.111111111,-18.274749061091,9,8,9,525,-1560597,-130.153330358744,-1361552,-136.1552,-17915157.8947368,-1433212.63157895,-1305.41898370086,-2568.96603773585,2016-02-15,818029,106.896542712018,104048.857142857,-12.300491740374,14,73.6842105263158,7,1456684,2016-02-02,-37108,-3.7108,-17180.8,0.00922059640698774,5,26.3157894736842,1,-85904,16.9571149189793,53,4,49,1,27,2610,-1364162,652.5,-0.186499588480178,-27840.0408163265,1.63413242702417,18,20,18,-25689.6603773585,-25689.6603773585,0.00191326250108125,58,10,0.02
"58",2016-02-02 10:45:00,2016-02-26 23:45:00,"15 mins",19,1042,428,614,-0.0530365052718724,-0.0560263541924131,-31.1133439781022,-31.0357545916231,-0.866376860014368,0.0399613782319927,2016-02-26 16:15:00,-1574383,-130.287871114245,-192237.9,-16.3467376196103,9,8,9,525,-1572397,-130.123519929029,-1364009,-136.4009,-17947486.8421053,-1435798.94736842,-1309.02975047985,-3186.93691588785,2016-02-15,818029,105.607181033726,97768.2,-14.5304112248474,15,78.9473684210526,7,1466523,2016-02-02,-49240,-4.924,-24433.5,-0.0987589923611026,4,21.0526315789474,1,-97734,15.0052489410031,55,2,53,1,29,2060,-1366069,1030,-0.233475951908617,-25774.8867924528,1.97767636527243,17,13,17,-24800.1636363636,-24800.1636363636,0.00150797653705633,59,10,0.02
"59",2016-02-02 11:00:00,2016-02-26 23:45:00,"15 mins",19,1041,590,451,-0.0517591112589077,-0.0547153379037933,-30.365696608616,-30.2899716794174,-0.842147173139936,0.0522105228281258,2016-02-26 18:30:00,-1573548,-126.315840173393,-215935.444444444,-17.9737449491297,9,5,9,525,-1570884,-126.101988801702,-1325159,-132.5159,-17436302.6315789,-1394904.21052632,-1272.96733909702,-2246.03220338983,2016-02-15,818029,100.750800866574,89234.4375,-55.0972026733455,16,84.2105263157895,7,1427751,2016-02-02,-41344,-4.1344,-29409.3333333333,-0.401056278062717,3,15.7894736842105,1,-88228,16.1825157546357,51,2,49,1,25,2830,-1327989,1415,-0.371058597802796,-27101.8163265306,5.70820512776849,18,8,19,-25983.5098039216,-25983.5098039216,0.00213104174808677,60,10,0.02
"60",2016-02-02 11:15:00,2016-02-26 23:45:00,"15 mins",19,1040,489,551,-0.060302952185108,-0.0667389525863177,-22.548347107438,-22.4921168153995,-0.959056299053448,0.0718247860991882,2016-02-26 18:30:00,-1024138,-98.544167625675,-116879.333333333,-11.2544188003546,17,17,17,989,-1021474,-98.2878333596339,-982206,-98.2206,-12923763.1578947,-1033901.05263158,-944.428846153846,-2008.60122699387,2016-02-15,408885,53.2120347680331,72487.0666666667,19.0244121425453,15,78.9473684210526,7,1087306,2016-02-02,-35876,-3.5876,-22541,-4.76717470410898,4,21.0526315789474,1,-90164,12.0592032296704,52,2,50,1,27,2830,-985036,1415,-22.285600772203,-19700.72,-8.72010834907562,18,8,18,-18888.5769230769,-18888.5769230769,0.00287299144396753,61,10,0.02
"61",2016-02-02 11:30:00,2016-02-26 23:45:00,"15 mins",19,1039,429,610,-0.0619168630454277,-0.0684092373252852,-21.9903351698806,-21.9354964288086,-0.956879922882131,0.0311408914872047,2016-02-26 15:45:00,-1001065,-96.3756074831137,-113940.555555556,-10.9768975039836,17,17,17,989,-996611,-95.9468071996858,-957899,-95.7899,-12603934.2105263,-1008314.73684211,-921.943214629451,-2232.8648018648,2016-02-15,426293,56.4359633921444,70539.9333333333,15.9529133165433,15,78.9473684210526,7,1058099,2016-02-02,-35320,-3.532,-23089,-5.15036837299858,4,21.0526315789474,1,-92356,11.4567434709169,51,3,48,1,24,1868,-959767,622.666666666667,2.48373004472414,-19995.1458333333,-6.02847084876832,18,7,19,-18782.3333333333,-18782.3333333333,0.00194630571795029,62,10,0.02
"62",2016-02-02 11:45:00,2016-02-26 23:45:00,"15 mins",19,1038,556,482,-0.0648994840769363,-0.0721143321697902,-23.9519283746556,-23.8921978799558,-0.963895915286588,0.0141143517303348,2016-02-26 15:45:00,-1082426,-104.504273141193,-107373.636363636,-10.374410643895,16,8,16,902,-1079118,-104.184897834659,-1043346,-104.3346,-13728236.8421053,-1098258.94736842,-1005.15028901734,-1876.52158273381,2016-02-15,443701,57.8598300852182,76180.6666666667,13.7983062825422,15,78.9473684210526,7,1142710,2016-02-02,-28904,-2.8904,-21063,-5.52207084751028,4,21.0526315789474,1,-84252,13.5630014717752,55,2,53,1,40,556,-1043902,278,-0.215571320313904,-19696.2641509434,-0.144738058383512,17,3,17,-18969.9272727273,-18969.9272727273,0.00053261704642773,63,10,0.02
"63",2016-02-02 12:00:00,2016-02-26 23:45:00,"15 mins",19,1037,672,365,-0.0431268085231457,-0.0552490826294423,-25.3325987144169,-25.269425151538,-0.950519065716166,0.0128418794903102,2016-02-26 15:45:00,-1160932,-110.131140573892,-211446.222222222,-20.238325653316,9,8,8,492,-1157624,-109.817329073288,-1103488,-110.3488,-14519578.9473684,-1161566.31578947,-1064.11571841851,-1642.09523809524,2016-02-16,288406,53.0477935225651,82680.5333333333,27.3601788151448,15,78.9473684210526,7,1240208,2016-02-02,-27816,-2.7816,-21478,-8.84350848097154,4,21.0526315789474,1,-85912,14.4357947667381,53,2,51,1,40,556,-1104044,278,-0.103699822457189,-21647.9215686275,-7.60619840128556,18,3,18,-20820.5283018868,-20820.5283018868,0.000503603117267065,64,10,0.02
"64",2016-02-02 12:15:00,2016-02-26 23:45:00,"15 mins",19,1036,746,290,-0.0280821490022439,-0.0386688270371573,-5.89312141791631,-5.889988445339,-0.614808068770067,0.0108744955377615,2016-02-26 15:45:00,-1953408,-111.678898468895,-274806.5,-18.83256356405,8,5,8,492,-1950100,-111.489775768397,-1200971,-120.0971,-15802250,-1264180,-1159.23841698842,-1609.88069705094,2016-02-16,572820,78.6623473464057,91200.0666666667,-17.6545870631183,15,78.9473684210526,7,1368001,2016-02-17,-26188,-16.7488503872548,-20161,6.91318383582187,4,21.0526315789474,1,-80644,16.9634566737761,49,2,47,1,38,556,-1201527,278,-0.0517534210390866,-25564.4042553192,0.0831668130082677,19,3,20,-24509.612244898,-24509.612244898,0.000462744490968576,65,10,0.02
"65",2016-02-02 12:30:00,2016-02-26 23:45:00,"15 mins",19,1035,560,475,-0.0112634658748323,-0.0161707911352856,-41.4808905380334,-41.3774469207316,-0.267755619196546,0.00737860517530895,2016-02-26 18:30:00,-6680181,-113.392053435406,-634686.5,-16.7067679697859,8,4,8,492,-6679881,-113.386961115897,-1788656,-178.8656,-23534947.3684211,-1882795.78947368,-1728.17004830918,-3194.02857142857,2016-02-16,2281116,126.201913900481,223301.692307692,7.4308465641038,13,68.4210526315789,7,2902922,2016-02-15,-756032,-98.8585976533845,-137116.333333333,-16.4421224931434,6,31.5789473684211,2,-822698,3.52853902647144,45,1,44,1,44,300,-1788956,300,-0.0370342937560181,-40658.0909090909,-3.2615210401105,21,3,21,-39747.9111111111,-39747.9111111111,0.000167695572166113,66,10,0.02
"66",2016-02-02 12:45:00,2016-02-26 23:45:00,"15 mins",19,1034,660,374,-0.0260891798229435,-0.0304691044062899,-77.6184014869889,-77.4248393885176,-0.513792058152835,0.00386112404803837,2016-02-26 18:30:00,-6502039,-156.259836776501,-619250.166666667,-20.3552069335417,8,4,8,492,-6501739,-156.252627045671,-3340696,-334.0696,-43956526.3157895,-3516522.10526316,-3230.84719535783,-5061.66060606061,2016-02-16,3667422,213.243657646961,364635.083333333,18.6444792578862,12,63.1578947368421,4,4375621,2016-02-15,-658816,-87.3980347859079,-102963.857142857,-12.871134437385,7,36.8421052631579,2,-720747,6.07095277538443,44,1,43,1,43,300,-3340996,300,-0.0127005630582956,-77697.5813953488,-8.97256842187354,21,3,22,-75924.9090909091,-75924.9090909091,8.97935825125202e-05,67,10,0.02
"67",2016-02-02 13:00:00,2016-02-26 23:45:00,"15 mins",19,1033,684,349,-0.0262560947004761,-0.0306635861918648,-78.0076459684893,-77.8131131855255,-0.517603668782602,0.00409847020144872,2016-02-26 18:30:00,-6504610,-157.211117824773,-737177.8,-24.0400949848919,8,5,8,492,-6504310,-157.203867069486,-3366810,-336.681,-44300131.5789474,-3544010.52631579,-3259.2545982575,-4922.23684210526,2016-02-16,3667422,216.203300862356,366391.083333333,19.0956654438332,12,63.1578947368421,3,4396693,2016-02-15,-658816,-90.2156468584136,-102716.285714286,-13.254076332464,7,36.8421052631579,2,-719014,6.11489206051621,47,1,46,1,46,300,-3367110,300,-0.012561688357911,-73198.0434782609,-8.73528354948681,19,3,20,-71634.2553191489,-71634.2553191489,8.90971782923635e-05,68,10,0.02
"68",2016-02-02 13:15:00,2016-02-26 23:45:00,"15 mins",19,1032,744,288,-0.0317657840039741,-0.0370971443427118,-0.727821074134791,-0.727793210688746,-0.590340247203207,0.00673285025945868,2016-02-26 18:30:00,-3471476,-143.341382363045,-502191,-24.5912961348696,8,5,8,492,-3471176,-143.328995005417,-2049352,-204.9352,-26965157.8947368,-2157212.63157895,-1985.80620155039,-2754.50537634409,2016-02-16,1827272,152.118519899835,215839.583333333,10.5087240898839,12,63.1578947368421,3,2590075,2016-02-15,-329408,-45.8652646587061,-55244.4285714286,-6.49923833370114,7,36.8421052631579,2,-386711,6.69770190141992,47,1,46,1,46,300,-2049652,300,-0.0280175875736396,-44557.652173913,-3.75591254731952,19,3,19,-43603.2340425532,-43603.2340425532,0.000146366309988232,69,10,0.02
"69",2016-02-02 13:30:00,2016-02-26 23:45:00,"15 mins",19,1031,423,608,-0.0721163572653109,-0.0842460778226588,-21.0030550373134,-20.9506783414598,-0.967403435389604,0.0139858432186975,2016-02-26 18:30:00,-930957,-90.3801383627527,-126925.625,-12.3343199114571,16,8,16,902,-930657,-90.3510134498848,-900611,-90.0611,-11850144.7368421,-948011.578947368,-873.531522793404,-2129.10401891253,2016-02-26,263700,72.6268215230976,68262.5714285714,12.3392554167288,14,73.6842105263158,6,955676,2016-02-02,-18232,-1.8232,-11401.8,-2.07712609843205,5,26.3157894736842,1,-57009,16.7635987300251,43,1,42,1,42,300,-900911,300,0.384689363339104,-21450.2619047619,-4.21061773990238,18,3,18,-20944.4418604651,-20944.4418604651,0.000332996267111846,70,10,0.02
"70",2016-02-02 13:45:00,2016-02-26 23:45:00,"15 mins",19,1030,509,521,-0.0777123025949278,-0.0887648083639587,-0.4217753208794,-0.421756115227523,-0.977953721083043,0.0138556303558789,2016-02-26 18:30:00,-1018131,-99.6071989715755,-158046.142857143,-15.4717487674887,16,8,16,902,-1017831,-99.5778489569983,-995685,-99.5685,-13101118.4210526,-1048089.47368421,-966.684466019418,-1956.15913555992,2016-02-20,204275,41.7945412881578,74973.2857142857,19.0338577833834,14,73.6842105263158,6,1049626,2016-02-02,-14300,-1.43,-8080.2,-2.23478760186273,5,26.3157894736842,1,-40401,25.9801985099379,47,1,46,1,46,300,-995985,300,-1.75551524372403,-21651.847826087,-6.40494903974505,17,3,17,-21184.7872340426,-21184.7872340426,0.000301209355562584,71,10,0.02
"71",2016-02-02 14:04:00,2016-02-26 23:45:00,"15 mins",19,1029,562,467,-0.0701796696310525,-0.0797445095009774,-1.4966567786902,-1.4964138543632,-0.909653079846237,0.0144981524923734,2016-02-25 12:00:00,-1091548,-99.3931954850247,-131773.777777778,-12.0645037087036,16,8,16,902,-1091142,-99.3562263023897,-992930,-99.293,-13064868.4210526,-1045189.47368421,-964.946550048591,-1766.7793594306,2016-02-04,259176,26.6935274560937,74834.5,20.6060497560572,14,73.6842105263158,6,1047683,2016-02-02,-15688,-1.5688,-7473,-3.18115140361049,5,26.3157894736842,1,-37365,28.0391542887729,49,1,48,1,48,300,-993230,300,-2.09292591042277,-20692.2916666667,-7.16566186421297,14,3,14,-20263.8775510204,-20263.8775510204,0.000302044843591112,72,10,0.02
"72",2016-02-02 14:15:00,2016-02-26 23:45:00,"15 mins",19,1028,839,189,-0.0187723462425272,-0.022468153512933,-107.046180555556,-106.77923247437,-0.472566215954942,0.00337319542153591,2016-02-26 18:30:00,-9785708,-158.832776363238,-924105.583333333,-22.8634645357484,8,4,8,492,-9785408,-158.827907034119,-4624395,-462.4395,-60847302.6315789,-4867784.21052632,-4498.43871595331,-5511.79380214541,2016-02-16,5093112,245.17929755967,476403.307692308,21.3443260319014,13,68.4210526315789,4,6193243,2016-02-15,-897472,-158.724083837228,-156278,-26.5789213885163,6,31.5789473684211,1,-937668,6.60494226101349,53,1,52,1,52,300,-4624695,300,-0.00822864891893382,-88936.4423076923,-13.7621464960363,17,3,17,-87252.7358490566,-87252.7358490566,6.48691427218444e-05,73,10,0.02
"73",2016-02-02 14:30:00,2016-02-26 23:45:00,"15 mins",19,1027,1180,-153,-0.0184797691511527,-0.0221187875470336,-105.19242843952,-104.930103181566,-0.471069058536089,0.0036864450293994,2016-02-26 18:30:00,-9673605,-158.159277178993,-847844.307692308,-21.46157295708,8,4,8,492,-9673305,-158.154372308146,-4556936,-455.6936,-59959684.2105263,-4796774.73684211,-4437.13339824732,-3861.81016949153,2016-02-16,5141358,252.937805050237,434591,21.054049867413,14,73.6842105263158,8,6084274,2016-02-15,-897472,-172.330616281191,-186803.6,-34.5886965166836,5,26.3157894736842,1,-934018,6.51408645229535,57,1,56,1,56,300,-4557236,300,-0.00838377571723201,-81379.2142857143,-14.3139098456977,16,3,16,-79946.2456140351,-79946.2456140351,6.58293755249893e-05,74,10,0.02
"74",2016-02-02 14:45:00,2016-02-26 23:45:00,"15 mins",19,1026,1322,-296,-0.0179821567597234,-0.0215241005125399,-2.97723495686595,-2.97701860376975,-0.457797079509791,0.00379334746204733,2016-02-26 18:30:00,-9673513,-154.907395975504,-844796.307692308,-21.2379256105433,8,4,8,492,-9673213,-154.902591907034,-4428506,-442.8506,-58269815.7894737,-4661585.26315789,-4316.28265107213,-3349.8532526475,2016-02-16,5141358,237.916237659041,460433.846153846,20.3917611771912,13,68.4210526315789,4,5985640,2016-02-15,-897472,-138.259158895926,-158129,-23.4469046889352,6,31.5789473684211,1,-948774,6.30881537647532,57,1,56,1,56,300,-4428806,300,-0.00869587902293103,-79085.8214285714,-11.1399506665761,16,3,16,-77693.0877192982,-77693.0877192982,6.77383475365595e-05,75,10,0.02
"75",2016-02-02 15:00:00,2016-02-26 23:45:00,"15 mins",19,1025,1262,-237,-0.0180875652908286,-0.0216500871199136,-3.04788739332965,-3.04766197454455,-0.459336346338048,0.00203093121142269,2016-02-26 18:30:00,-9697739,-155.339917330286,-917185.166666667,-22.9580316751167,8,4,8,492,-9697439,-155.33511188283,-4454524,-445.4524,-58612157.8947368,-4688972.63157895,-4345.87707317073,-3529.73375594295,2016-02-16,5141156,238.104337572706,461406.307692308,20.2537868660846,13,68.4210526315789,4,5998282,2016-02-15,-897472,-138.641900357004,-157947.666666667,-23.4934149556372,6,31.5789473684211,1,-947686,6.32939813398109,57,2,55,1,36,329,-4454853,164.5,-0.00476217491117951,-80997.3272727273,-11.3629716958887,15,5,16,-78149.5438596491,-78149.5438596491,7.38520440517341e-05,76,10,0.02
"76",2016-02-02 15:15:00,2016-02-26 23:45:00,"15 mins",19,1024,1192,-168,-0.0184273355763185,-0.0220559087374404,-12.0899387968353,-12.0864656745151,-0.460477399288958,0.00192215392355522,2016-02-26 18:30:00,-9849491,-156.001316497414,-1100450,-26.226405078887,8,5,8,492,-9849191,-155.996564942745,-4535468,-453.5468,-59677210.5263158,-4774176.84210526,-4429.16796875,-3804.92281879195,2016-02-16,5190820,232.771049111417,468687.846153846,18.8573626265812,13,68.4210526315789,4,6092942,2016-02-15,-897472,-124.97190655291,-158214.333333333,-21.1855759258268,6,31.5789473684211,1,-949286,6.41844712763066,55,2,53,1,36,329,-4535797,164.5,-0.00465290416161602,-85581.0754716981,-10.5144310363645,16,5,17,-82463.0545454545,-82463.0545454545,7.25341103228385e-05,77,10,0.02
"77",2016-02-02 15:30:00,2016-02-26 23:45:00,"15 mins",19,1023,1240,-217,-0.0189503520364825,-0.022681259333479,-108.135565338276,-107.865900586809,-0.471988229245338,0.0019736644770389,2016-02-26 18:30:00,-9888236,-158.954283247908,-936249.583333333,-23.5301140149404,8,4,8,492,-9887936,-158.94946072092,-4667131,-466.7131,-61409618.4210526,-4912769.47368421,-4562.20039100684,-3763.81532258064,2016-02-16,5190820,242.891628955782,477160.307692308,20.3254249930737,13,68.4210526315789,4,6203084,2016-02-15,-897472,-143.544762571955,-158559.5,-24.3019701087187,6,31.5789473684211,1,-951357,6.52024844511577,58,2,56,1,40,329,-4667460,164.5,-0.00448546682176517,-83347.5,-11.7024217824764,15,5,16,-80467.775862069,-80467.775862069,7.04880170371037e-05,78,10,0.02
"78",2016-02-02 15:45:00,2016-02-26 23:45:00,"15 mins",19,1022,1038,-16,-0.0194290001504427,-0.0232613412608391,-111.050742115028,-110.773807596038,-0.480512556574401,0.0013982392542724,2016-02-26 18:30:00,-9965417,-161.341231086507,-1016583.27272727,-24.8561203978835,8,4,8,492,-9965117,-161.336374052494,-4788508,-478.8508,-63006684.2105263,-5040534.73684211,-4685.42857142857,-4613.20616570328,2016-02-16,5190820,248.020805610596,494168.615384615,21.5443628430749,13,68.4210526315789,4,6424192,2016-02-15,-897472,-154.463577298739,-174932,-27.6001765798992,6,31.5789473684211,1,-1049592,6.12065640744213,57,3,54,1,40,372,-4788880,124,-0.00329354379653728,-88682.962962963,-13.1765526584076,15,6,16,-84008.9122807018,-84008.9122807018,7.76799585706888e-05,79,10,0.02
"79",2016-02-02 16:00:00,2016-02-26 23:45:00,"15 mins",19,1021,875,146,-0.0243824950263702,-0.0292132017368623,-71.0650046382189,-70.8877851752807,-0.563012231547814,0.00579694350907303,2016-02-26 18:30:00,-5442729,-161.18151369504,-626834.7,-23.9377425484356,8,4,8,492,-5441093,-161.133065029599,-3064323,-306.4323,-40320039.4736842,-3225603.15789474,-3001.2957884427,-3502.08342857143,2016-02-16,2913242,218.234433079584,279948.142857143,17.3193584297452,14,73.6842105263158,5,3919274,2016-02-15,-448736,-77.504844743669,-112825.4,-17.7997465994898,5,26.3157894736842,1,-564127,6.94750295589468,59,8,51,2,28,2789,-3067112,348.625,-0.0108534730470542,-60139.4509803922,-8.19339727768039,14,5,16,-51937.6779661017,-51937.6779661017,0.000909324472011456,80,10,0.02
"80",2016-02-02 16:15:00,2016-02-26 23:45:00,"15 mins",19,1020,733,287,-0.0268160689931992,-0.0322500230999405,-5.24142076278152,-5.24059155525696,-0.600714944785235,0.0043853349177124,2016-02-26 18:30:00,-5944515,-176.294662981328,-752423.444444444,-28.3344187554911,8,4,8,492,-5942879,-176.246144629766,-3570959,-357.0959,-46986302.6315789,-3758904.21052632,-3500.94019607843,-4871.70395634379,2016-02-16,3317255,249.405667697194,315901.5,19.6962532193298,14,73.6842105263158,5,4422621,2016-02-15,-448736,-78.1595741716133,-112167.6,-17.9208159381791,5,26.3157894736842,1,-560838,7.88573705775999,59,9,50,2,23,2821,-3573780,313.444444444444,-0.00737020278918096,-71475.6,-9.95646724927265,14,5,16,-60524.7288135593,-60524.7288135593,0.000789360285188232,81,10,0.02
"81",2016-02-02 16:30:00,2016-02-26 23:45:00,"15 mins",19,1019,830,189,-0.0276363725913698,-0.0332503705863467,-85.7020969245107,-85.4883759845493,-0.595056881981233,0.00489189155623999,2016-02-26 19:15:00,-6181483,-176.529822241705,-644963.454545455,-24.0870435181004,8,3,8,492,-6179999,-176.4874424024,-3678334,-367.8334,-48399131.5789474,-3871930.52631579,-3609.74877330716,-4431.72771084337,2016-02-16,3317255,227.238974413776,350755.461538462,17.4220627015135,13,68.4210526315789,4,4559821,2016-02-15,-448736,-63.7524098807597,-95384.6666666667,-12.2683117696689,6,31.5789473684211,1,-572308,7.9674248831049,55,7,48,2,21,2626,-3680960,375.142857142857,-0.00685623024663424,-76686.6666666667,-7.85480470131776,16,6,18,-66878.8,-66878.8,0.000713400851951665,82,10,0.02
"82",2016-02-02 16:45:00,2016-02-26 23:45:00,"15 mins",19,1018,1126,-108,-0.0126983818358463,-0.0183388772975368,-0.865569920116292,-0.865538785627601,-0.334624313565101,0.00605664912799245,2016-02-26 19:15:00,-7687182,-125.743565752497,-883785.4,-23.1572299939969,8,4,8,492,-7685698,-125.719291128639,-2572318,-257.2318,-33846289.4736842,-2707703.15789474,-2526.83497053045,-2284.47424511545,2016-02-16,2752260,135.601487533922,305934.615384615,5.90008628607169,13,68.4210526315789,4,3977150,2016-02-15,-651136,-85.2125025519151,-129688.333333333,-15.4314328281665,6,31.5789473684211,1,-778130,5.11116394432807,53,7,46,2,17,2373,-2574691,339,-0.0133891098048748,-55971.5434782609,-3.20006769664192,17,6,19,-48534.3018867925,-48534.3018867925,0.000921663997737981,83,10,0.02
"83",2016-02-02 17:00:00,2016-02-26 23:45:00,"15 mins",19,1017,1114,-97,-0.0122086564014197,-0.0176320740906886,-2.46553914657363,-2.46527576241098,-0.326051690874434,0.00912271867474935,2016-02-26 19:15:00,-7594532,-124.15780833169,-794744.181818182,-21.0793684657133,8,4,8,492,-7593048,-124.133547430879,-2476210,-247.621,-32581710.5263158,-2606536.84210526,-2434.81809242871,-2222.80969479354,2016-02-16,2752260,135.370852568901,298879.846153846,6.45555863531712,13,68.4210526315789,4,3885438,2016-02-15,-651136,-84.8286194452768,-130604,-15.3397504985748,6,31.5789473684211,1,-783624,4.95829377354445,57,5,52,1,17,2174,-2478384,434.8,-0.0204606674866331,-47661.2307692308,-2.94183548227223,16,6,17,-43442.2807017544,-43442.2807017544,0.000877184487956668,84,10,0.02
"84",2016-02-02 17:15:00,2016-02-26 23:45:00,"15 mins",19,1016,1292,-276,-0.0103899413368892,-0.0146462898484194,-51.9755140186916,-51.8458992705153,-0.303877132964072,0.0148696302324795,2016-02-26 19:15:00,-7320564,-120.116996755122,-771798.545454545,-20.8995638265784,8,4,8,492,-7319080,-120.092647043381,-2224552,-222.4552,-29270421.0526316,-2341633.68421053,-2189.51968503937,-1721.78947368421,2016-02-16,2551204,126.874065056176,279316.153846154,4.84253086187634,13,68.4210526315789,4,3631110,2016-02-15,-651136,-87.3679690854444,-129937.666666667,-15.7064515721155,6,31.5789473684211,1,-779626,4.65750244347931,55,3,52,1,38,1910,-2226462,636.666666666667,-0.0517913281568072,-42816.5769230769,-2.32907794357633,16,7,17,-40446.4,-40446.4,0.000857863282643045,85,10,0.02
"85",2016-02-02 17:30:00,2016-02-26 23:45:00,"15 mins",19,1015,1041,-26,-0.00810220222257713,-0.011444130920373,-14.778475738352,-14.7654122576965,-0.245554777374439,0.020225923960781,2016-02-16 14:45:00,-7299072,-121.246801501392,-927360.111111111,-24.7921721288612,8,4,8,492,-6812334,-113.161468781125,-1792322,-179.2322,-23583184.2105263,-1886654.73684211,-1765.83448275862,-1721.73102785783,2016-02-16,2051038,105.925631358777,245653.692307692,-15.2414006875343,13,68.4210526315789,4,3193498,2016-02-15,-651136,-97.073784520338,-130904.666666667,-15.4080572535886,6,31.5789473684211,1,-785428,4.06593347830737,60,3,57,1,43,1910,-1794232,636.666666666667,-0.0799322086228582,-31477.7543859649,1.63883840513925,15,7,16,-29872.0333333333,-29872.0333333333,0.00106452231372532,86,10,0.02
"86",2016-02-02 17:45:00,2016-02-26 23:45:00,"15 mins",19,1014,602,412,-0.00925920717405172,-0.0130513179279668,-0.779024163146659,-0.778992496785002,-0.281982832886153,0.0155526316683516,2016-02-16 14:45:00,-7299072,-128.499155582792,-1077876.875,-32.1184939840474,8,4,8,492,-6738462,-118.629693874335,-2058213,-205.8213,-27081750,-2166540,-2029.79585798817,-3418.9584717608,2016-02-16,2051038,128.46792777117,277014.076923077,9.6127613308211,13,68.4210526315789,4,3601183,2016-02-15,-651136,-196.717230461539,-156101,-37.9722078205908,6,31.5789473684211,1,-936606,3.84492839037973,62,4,58,1,34,2210,-2060423,552.5,-0.0493410574405146,-35524.5344827586,-4.65806939149849,13,6,14,-33196.9838709677,-33196.9838709677,0.00107259528747252,87,10,0.02
"87",2016-02-02 18:00:00,2016-02-26 23:45:00,"15 mins",19,1013,752,261,-0.0105653296848089,-0.0148890920332029,-0.882220102210562,-0.882184472789206,-0.322311384241723,0.010254031918987,2016-02-16 14:45:00,-7299072,-128.615923759474,-1078424.5,-32.2048148680709,8,4,8,492,-7027666,-123.833516707747,-2352574,-235.2574,-30954921.0526316,-2476393.68421053,-2322.3830207305,-3128.42287234043,2016-02-16,2051038,128.884238836733,299762.076923077,7.57686135389303,13,68.4210526315789,4,3896907,2016-02-15,-651136,-199.830593781073,-156770.833333333,-38.4938714818993,6,31.5789473684211,1,-940625,4.1428911627907,65,5,60,1,34,2012,-2354586,402.4,-0.0293266581496844,-39243.1,-4.137290294595,14,6,15,-36193.4461538462,-36193.4461538462,0.000854502659915586,88,10,0.02
"88",2016-02-02 18:15:00,2016-02-26 23:45:00,"15 mins",19,1012,802,210,-0.0106732670738162,-0.0150411046817352,-1.21571010677497,-1.21564316607199,-0.325454660537668,0.0106021059277067,2016-02-16 14:45:00,-7299072,-129.133016309804,-1227555.57142857,-36.3902648915049,8,5,8,492,-7027884,-124.335238670808,-2375517,-237.5517,-31256802.6315789,-2500544.21052632,-2347.34881422925,-2961.99127182045,2016-02-16,2051038,130.751376178956,301621.076923077,8.52183460206682,13,68.4210526315789,4,3921074,2016-02-15,-651136,-214.812004526275,-156983.5,-41.2813477014272,6,31.5789473684211,1,-941901,4.16293644448833,65,6,59,1,36,2564,-2378081,427.333333333333,-0.00920913360023356,-40306.4576271186,-4.76669864840609,14,6,15,-36546.4153846154,-36546.4153846154,0.00107818026383458,89,10,0.02
"89",2016-02-02 18:30:00,2016-02-26 23:45:00,"15 mins",19,1011,1035,-24,-0.0114838925373682,-0.0161792676846456,-5.7162813059034,-5.71490753005483,-0.350225480718645,0.0099028956996332,2016-02-16 14:45:00,-7299072,-128.998822426805,-1073388.625,-31.6546622251963,8,5,8,492,-7214568,-127.50535634093,-2556321,-255.6321,-33635802.6315789,-2690864.21052632,-2528.50741839763,-2469.87536231884,2016-02-16,2051038,130.263093548254,315254.692307692,7.13794131863671,13,68.4210526315789,4,4098311,2016-02-15,-651136,-210.724306551154,-156825,-40.5888019157057,6,31.5789473684211,1,-940950,4.355503480525,65,6,59,1,34,2577,-2558898,429.5,-0.00421154068443204,-43371.1525423729,-4.36091829856599,14,6,15,-39328.0153846154,-39328.0153846154,0.00100707413894575,90,10,0.02
"90",2016-02-02 19:00:00,2016-02-26 23:45:00,"15 mins",19,1010,1129,-119,-0.0228586742222589,-0.031682547955176,-16.0320310202882,-16.0214905659684,-0.573061983253924,0.0119483896934581,2016-02-26 19:30:00,-4567040,-154.947539843425,-704398.625,-32.2675055827976,8,5,8,492,-4564672,-154.867199891433,-2617197,-261.7197,-34436802.6315789,-2754944.21052632,-2591.28415841584,-2318.1550044287,2016-02-16,1434072,158.352684738284,270694.384615385,10.7192738431151,13,68.4210526315789,4,3519027,2016-02-15,-325568,-119.32080146307,-101431.666666667,-25.6033346176544,6,31.5789473684211,1,-608590,5.78226227838118,65,6,59,1,36,3184,-2620381,530.666666666667,-0.0076716652704968,-44413.2372881356,-5.29705265985338,14,5,15,-40264.5692307692,-40264.5692307692,0.00121509047730082,91,10,0.02
"91",2016-02-02 19:15:00,2016-02-26 23:45:00,"15 mins",19,1009,1113,-104,-0.0236952811661332,-0.032084384193112,-68.4828898225957,-68.3121095487239,-0.600412498651848,0.0110248661886986,2016-02-26 19:30:00,-4886319,-165.629847221017,-743979.875,-33.5420583288377,8,5,8,492,-4883951,-165.549579952707,-2933807,-293.3807,-38602723.6842105,-3088217.89473684,-2907.63825569871,-2635.94519317161,2016-02-16,1751512,192.836633314543,295085.307692308,16.3838821363389,13,68.4210526315789,4,3836109,2016-02-15,-325568,-118.164924506388,-101510.333333333,-25.5665478177541,6,31.5789473684211,1,-609062,6.2983883414168,63,5,58,1,36,2791,-2936598,558.2,-0.0139868312301349,-50631,-8.17207224601074,14,6,15,-46568.3650793651,-46568.3650793651,0.000950419499025743,92,10,0.02
"92",2016-02-02 19:30:00,2016-02-26 23:45:00,"15 mins",19,1008,1131,-123,-0.0334959215344627,-0.044441811206335,-51.4706542056075,-51.3422984594588,-0.782558901221008,0.0099161380628305,2016-02-26 19:30:00,-2815052,-174.876191186154,-469391.5,-33.176525443524,8,5,8,492,-2812684,-174.729086684806,-2202944,-220.2944,-28986105.2631579,-2318888.42105263,-2185.46031746032,-1947.7842617153,2016-02-16,875992,148.772783163387,213824.923076923,5.85979652351531,13,68.4210526315789,4,2779724,2016-02-09,-240816,-37.4193548387097,-72504.6666666667,-15.4757526139933,6,31.5789473684211,1,-435028,6.38975882012192,63,8,55,1,30,3182,-2206126,397.75,-0.0119464006489799,-40111.3818181818,-2.98148258738567,14,5,16,-34967.3650793651,-34967.3650793651,0.00144234735459353,93,10,0.02
"93",2016-02-02 19:45:00,2016-02-26 23:45:00,"15 mins",19,1007,616,391,-0.0628360148288045,-0.0723162934447027,-36.9600917212575,-36.8728023319834,-0.974941066031795,0.0113329941050431,2016-02-26 19:30:00,-1708692,-164.226248257965,-250435.142857143,-24.0880601614945,16,8,16,902,-1706324,-163.998654428372,-1665874,-166.5874,-21919394.7368421,-1753551.57894737,-1654.29394240318,-2704.34090909091,2016-02-10,558839,61.672614988004,128068,-388.889631414597,15,78.9473684210526,5,1921020,2016-02-09,-240816,-37.3449620217045,-66552.5,-9.27121771886787,4,21.0526315789474,1,-266210,7.21618271289583,61,9,52,1,30,3274,-1669148,363.777777777778,-0.0244935604618242,-32099,-43.0447305840326,13,4,14,-27309.4098360656,-27309.4098360656,0.00196147974894976,94,10,0.02
"94",2016-02-02 20:00:00,2016-02-26 23:45:00,"15 mins",19,1006,756,250,-0.0915567262381613,-0.0993517381433598,-2.01425143760637,-2.01398218865067,-0.9734876646488,0.0211486611702881,2016-02-26 19:30:00,-1643650,-157.859757262951,-281006.166666667,-27.0095667671478,16,8,16,902,-1641282,-157.632329340219,-1600073,-160.0073,-21053592.1052632,-1684287.36842105,-1590.52982107356,-2116.49867724868,2016-02-20,417076,2848.29611418425,112578.6,206.887649329342,15,78.9473684210526,5,1688679,2016-02-09,-78760,-12.2260737010573,-27383.5,-3.45641831979308,4,21.0526315789474,1,-109534,15.4169390326291,57,4,53,1,44,2558,-1602631,639.5,-0.0899376499769204,-30238.320754717,-22.9009923449779,14,7,14,-28071.4561403509,-28071.4561403509,0.0015961253713425,95,10,0.02
"95",2016-02-02 20:15:00,2016-02-26 23:45:00,"15 mins",19,1005,738,267,-0.0898731131541046,-0.0972856616979747,-2.15160011300326,-2.1512266361567,-0.965202366654632,0.0237811340247815,2016-02-26 19:30:00,-1357190,-129.892167268502,-201817.571428571,-19.3424792011362,16,8,16,902,-1354822,-129.665533818439,-1309963,-130.9963,-17236355.2631579,-1378908.42105263,-1303.44577114428,-1775.01761517615,2016-02-10,369744,50.1323325234294,92688.3333333333,16.3618740307907,15,78.9473684210526,5,1390325,2016-02-09,-78760,-12.1442757225505,-27335.5,-0.961079954786471,4,21.0526315789474,1,-109342,12.7153792687165,53,4,49,1,26,2548,-1312511,637,-0.172313135471579,-26785.9387755102,-5.57518298786597,15,7,15,-24716.2830188679,-24716.2830188679,0.00194131706324747,96,10,0.02
"96",2016-02-02 20:30:00,2016-02-26 23:45:00,"15 mins",19,1004,864,140,-0.0897457582944135,-0.0971685372203366,-31.0233602661597,-30.9459952779648,-0.963277820001033,0.0219149533146128,2016-02-26 19:30:00,-1355230,-129.390041426429,-157818.111111111,-15.0933903376887,16,8,16,902,-1352862,-129.163957574907,-1305463,-130.5463,-17177144.7368421,-1374171.57894737,-1300.26195219123,-1510.9525462963,2016-02-10,367784,49.695436684881,92403,15.1025608219288,15,78.9473684210526,5,1386045,2016-02-09,-78760,-12.096898057984,-27390.5,-0.810294962042873,4,21.0526315789474,1,-109562,12.6507822055092,49,4,45,1,26,2548,-1308011,637,-0.174853124792344,-29066.9111111111,-5.72009815764535,16,7,17,-26642.1020408163,-26642.1020408163,0.0019479958501878,97,10,0.02
"97",2016-02-02 20:45:00,2016-02-26 23:45:00,"15 mins",19,1003,459,544,-0.0991443233482137,-0.106745131942987,-24.5628449096099,-24.5015909322792,-0.956107578792012,0.0245683057576293,2016-02-26 19:30:00,-1080027,-103.348206809902,-141895.75,-13.6017248468745,16,8,16,902,-1077659,-103.121611962065,-1032622,-103.2622,-13587131.5789474,-1086970.52631579,-1029.5333998006,-2249.7211328976,2016-02-18,235704,37.1481661851829,63998,41.1297403977547,16,84.2105263157895,10,1023968,2016-02-22,-14144,-8.57139394233217,-10122,-3.68056591806464,3,15.7894736842105,1,-30366,33.720872027926,49,5,44,1,24,2891,-1035513,578.2,-0.893656547890435,-23534.3863636364,2.1853581558486,14,7,14,-21073.9183673469,-21073.9183673469,0.00279185292700333,98,10,0.02
"98",2016-02-02 21:00:00,2016-02-26 23:45:00,"15 mins",19,1002,618,384,-0.100154662451379,-0.108162023256921,-1.74911379119138,-1.7488101783132,-0.958469998724908,0.0217704747678119,2016-02-26 19:30:00,-1105803,-105.865272493677,-165862.428571429,-15.9061216705129,16,8,16,902,-1104417,-105.732582251675,-1059879,-105.9879,-13945776.3157895,-1115662.10526316,-1057.76347305389,-1715.0145631068,2016-02-18,235704,37.2161468283918,70166.7333333333,53.7951300698276,15,78.9473684210526,10,1052501,2016-02-22,-14144,-8.69698888895721,-7973.5,-6.37789025048291,4,21.0526315789474,1,-31894,32.9999686461403,51,5,46,1,28,2514,-1062393,502.8,-0.841228985190113,-23095.5,5.92508515497193,13,8,14,-20781.9411764706,-20781.9411764706,0.00236635595302303,99,10,0.02
"99",2016-02-02 21:15:00,2016-02-26 23:45:00,"15 mins",19,1001,520,481,-0.0991544536105998,-0.10681399282832,-22.3484093067426,-22.2926776127109,-0.950478563833923,0.0245562020452905,2016-02-26 19:30:00,-990359,-94.5307533565343,-131804.125,-12.6093276834003,16,8,16,902,-988973,-94.3984582755059,-941315,-94.1315,-12385723.6842105,-990857.894736842,-940.374625374625,-1810.22115384615,2016-02-18,235797,37.1237395007596,61862.8666666667,14.5682707812786,15,78.9473684210526,10,927943,2016-02-22,-14144,-5.02996141467665,-8107.5,-2.20648126976029,4,21.0526315789474,1,-32430,28.613721862473,53,5,48,1,28,2414,-943729,482.8,0.846176152296085,-19661.0208333333,-5.15467815427791,13,9,13,-17760.6603773585,-17760.6603773585,0.0025579377130511,100,10,0.02
