<TICKER>,<PER>,<DATE>,<TIME>,<OPEN>,<HIGH>,<LOW>,<CLOSE>,<VOL>
SPFB.Si,1,20160309,100100,71639.0000000,72610.0000000,71639.0000000,72237.0000000,37054
SPFB.Si,1,20160309,100200,72230.0000000,72306.0000000,72224.0000000,72245.0000000,19252
SPFB.Si,1,20160309,100300,72245.0000000,72364.0000000,72245.0000000,72313.0000000,10937
SPFB.Si,1,20160309,100400,72314.0000000,72329.0000000,72271.0000000,72282.0000000,8104
SPFB.Si,1,20160309,100500,72280.0000000,72360.0000000,72280.0000000,72327.0000000,8960
SPFB.Si,1,20160309,100600,72331.0000000,72368.0000000,72326.0000000,72365.0000000,10546
SPFB.Si,1,20160309,100700,72362.0000000,72388.0000000,72344.0000000,72363.0000000,10339
SPFB.Si,1,20160309,100800,72361.0000000,72380.0000000,72352.0000000,72366.0000000,3349
SPFB.Si,1,20160309,100900,72368.0000000,72385.0000000,72350.0000000,72378.0000000,3808
SPFB.Si,1,20160309,101000,72382.0000000,72384.0000000,72350.0000000,72360.0000000,4777
SPFB.Si,1,20160309,101100,72363.0000000,72378.0000000,72343.0000000,72367.0000000,6942
SPFB.Si,1,20160309,101200,72370.0000000,72390.0000000,72355.0000000,72374.0000000,6925
SPFB.Si,1,20160309,101300,72375.0000000,72442.0000000,72375.0000000,72436.0000000,9662
SPFB.Si,1,20160309,101400,72438.0000000,72493.0000000,72404.0000000,72463.0000000,10387
SPFB.Si,1,20160309,101500,72463.0000000,72473.0000000,72424.0000000,72434.0000000,7230
SPFB.Si,1,20160309,101600,72434.0000000,72460.0000000,72431.0000000,72446.0000000,5171
SPFB.Si,1,20160309,101700,72445.0000000,72472.0000000,72434.0000000,72471.0000000,5644
SPFB.Si,1,20160309,101800,72472.0000000,72545.0000000,72460.0000000,72528.0000000,9798
SPFB.Si,1,20160309,101900,72529.0000000,72578.0000000,72524.0000000,72578.0000000,8708
SPFB.Si,1,20160309,102000,72574.0000000,72596.0000000,72551.0000000,72591.0000000,8592
SPFB.Si,1,20160309,102100,72592.0000000,72621.0000000,72538.0000000,72545.0000000,12171
SPFB.Si,1,20160309,102200,72541.0000000,72599.0000000,72532.0000000,72533.0000000,7951
SPFB.Si,1,20160309,102300,72537.0000000,72543.0000000,72499.0000000,72510.0000000,8271
SPFB.Si,1,20160309,102400,72514.0000000,72545.0000000,72505.0000000,72522.0000000,6884
SPFB.Si,1,20160309,102500,72530.0000000,72538.0000000,72503.0000000,72509.0000000,2425
SPFB.Si,1,20160309,102600,72512.0000000,72539.0000000,72485.0000000,72492.0000000,4297
SPFB.Si,1,20160309,102700,72493.0000000,72514.0000000,72483.0000000,72507.0000000,3827
SPFB.Si,1,20160309,102800,72508.0000000,72517.0000000,72478.0000000,72494.0000000,2951
SPFB.Si,1,20160309,102900,72489.0000000,72520.0000000,72483.0000000,72496.0000000,3931
SPFB.Si,1,20160309,103000,72496.0000000,72497.0000000,72463.0000000,72471.0000000,5131
SPFB.Si,1,20160309,103100,72473.0000000,72506.0000000,72462.0000000,72465.0000000,6930
SPFB.Si,1,20160309,103200,72470.0000000,72480.0000000,72444.0000000,72462.0000000,3550
SPFB.Si,1,20160309,103300,72463.0000000,72472.0000000,72442.0000000,72463.0000000,3910
SPFB.Si,1,20160309,103400,72464.0000000,72494.0000000,72461.0000000,72480.0000000,2716
SPFB.Si,1,20160309,103500,72481.0000000,72486.0000000,72451.0000000,72474.0000000,4655
SPFB.Si,1,20160309,103600,72474.0000000,72488.0000000,72469.0000000,72485.0000000,4676
SPFB.Si,1,20160309,103700,72485.0000000,72522.0000000,72471.0000000,72516.0000000,5849
SPFB.Si,1,20160309,103800,72519.0000000,72553.0000000,72504.0000000,72549.0000000,6996
SPFB.Si,1,20160309,103900,72549.0000000,72584.0000000,72505.0000000,72561.0000000,11017
SPFB.Si,1,20160309,104000,72562.0000000,72580.0000000,72511.0000000,72513.0000000,6106
SPFB.Si,1,20160309,104100,72513.0000000,72556.0000000,72511.0000000,72549.0000000,5715
SPFB.Si,1,20160309,104200,72551.0000000,72565.0000000,72517.0000000,72520.0000000,5721
SPFB.Si,1,20160309,104300,72520.0000000,72533.0000000,72511.0000000,72519.0000000,2557
SPFB.Si,1,20160309,104400,72523.0000000,72523.0000000,72503.0000000,72506.0000000,1014
SPFB.Si,1,20160309,104500,72506.0000000,72528.0000000,72475.0000000,72477.0000000,5612
SPFB.Si,1,20160309,104600,72476.0000000,72486.0000000,72444.0000000,72454.0000000,4859
SPFB.Si,1,20160309,104700,72456.0000000,72498.0000000,72448.0000000,72488.0000000,8729
SPFB.Si,1,20160309,104800,72487.0000000,72522.0000000,72463.0000000,72517.0000000,7120
SPFB.Si,1,20160309,104900,72518.0000000,72530.0000000,72504.0000000,72504.0000000,1908
SPFB.Si,1,20160309,105000,72508.0000000,72513.0000000,72491.0000000,72506.0000000,2102
SPFB.Si,1,20160309,105100,72506.0000000,72535.0000000,72496.0000000,72525.0000000,2386
SPFB.Si,1,20160309,105200,72528.0000000,72536.0000000,72513.0000000,72513.0000000,1844
SPFB.Si,1,20160309,105300,72514.0000000,72539.0000000,72511.0000000,72531.0000000,1647
SPFB.Si,1,20160309,105400,72531.0000000,72565.0000000,72525.0000000,72558.0000000,5706
SPFB.Si,1,20160309,105500,72555.0000000,72567.0000000,72543.0000000,72557.0000000,3302
SPFB.Si,1,20160309,105600,72558.0000000,72572.0000000,72535.0000000,72536.0000000,3438
SPFB.Si,1,20160309,105700,72535.0000000,72544.0000000,72502.0000000,72510.0000000,3199
SPFB.Si,1,20160309,105800,72510.0000000,72526.0000000,72474.0000000,72488.0000000,3384
SPFB.Si,1,20160309,105900,72488.0000000,72492.0000000,72467.0000000,72484.0000000,3213
SPFB.Si,1,20160309,110000,72489.0000000,72524.0000000,72488.0000000,72520.0000000,3910
SPFB.Si,1,20160309,110100,72520.0000000,72580.0000000,72482.0000000,72532.0000000,17477
SPFB.Si,1,20160309,110200,72535.0000000,72600.0000000,72532.0000000,72595.0000000,18737
SPFB.Si,1,20160309,110300,72593.0000000,72645.0000000,72574.0000000,72641.0000000,23121
SPFB.Si,1,20160309,110400,72641.0000000,72677.0000000,72616.0000000,72644.0000000,19123
SPFB.Si,1,20160309,110500,72645.0000000,72650.0000000,72610.0000000,72628.0000000,6357
SPFB.Si,1,20160309,110600,72633.0000000,72690.0000000,72620.0000000,72675.0000000,9365
SPFB.Si,1,20160309,110700,72679.0000000,72689.0000000,72649.0000000,72656.0000000,5544
SPFB.Si,1,20160309,110800,72656.0000000,72698.0000000,72651.0000000,72654.0000000,8073
SPFB.Si,1,20160309,110900,72657.0000000,72698.0000000,72653.0000000,72669.0000000,2881
SPFB.Si,1,20160309,111000,72666.0000000,72669.0000000,72623.0000000,72647.0000000,5866
SPFB.Si,1,20160309,111100,72647.0000000,72674.0000000,72647.0000000,72674.0000000,5507
SPFB.Si,1,20160309,111200,72674.0000000,72688.0000000,72645.0000000,72660.0000000,5523
SPFB.Si,1,20160309,111300,72660.0000000,72670.0000000,72623.0000000,72637.0000000,2870
SPFB.Si,1,20160309,111400,72634.0000000,72648.0000000,72612.0000000,72628.0000000,7131
SPFB.Si,1,20160309,111500,72632.0000000,72634.0000000,72502.0000000,72563.0000000,20819
SPFB.Si,1,20160309,111600,72561.0000000,72625.0000000,72547.0000000,72590.0000000,8058
SPFB.Si,1,20160309,111700,72590.0000000,72598.0000000,72559.0000000,72575.0000000,3802
SPFB.Si,1,20160309,111800,72575.0000000,72598.0000000,72538.0000000,72544.0000000,3717
SPFB.Si,1,20160309,111900,72544.0000000,72579.0000000,72540.0000000,72575.0000000,2727
SPFB.Si,1,20160309,112000,72575.0000000,72579.0000000,72518.0000000,72529.0000000,3883
SPFB.Si,1,20160309,112100,72531.0000000,72542.0000000,72510.0000000,72510.0000000,4581
SPFB.Si,1,20160309,112200,72511.0000000,72529.0000000,72505.0000000,72514.0000000,1220
SPFB.Si,1,20160309,112300,72514.0000000,72518.0000000,72470.0000000,72506.0000000,11214
SPFB.Si,1,20160309,112400,72506.0000000,72510.0000000,72474.0000000,72490.0000000,5599
SPFB.Si,1,20160309,112500,72488.0000000,72523.0000000,72487.0000000,72515.0000000,5901
SPFB.Si,1,20160309,112600,72513.0000000,72520.0000000,72474.0000000,72503.0000000,3108
SPFB.Si,1,20160309,112700,72500.0000000,72523.0000000,72479.0000000,72520.0000000,4565
SPFB.Si,1,20160309,112800,72518.0000000,72546.0000000,72482.0000000,72524.0000000,5901
SPFB.Si,1,20160309,112900,72523.0000000,72586.0000000,72521.0000000,72565.0000000,7244
SPFB.Si,1,20160309,113000,72564.0000000,72637.0000000,72542.0000000,72630.0000000,16870
SPFB.Si,1,20160309,113100,72628.0000000,72682.0000000,72611.0000000,72667.0000000,19996
SPFB.Si,1,20160309,113200,72668.0000000,72689.0000000,72648.0000000,72653.0000000,12242
SPFB.Si,1,20160309,113300,72652.0000000,72726.0000000,72642.0000000,72710.0000000,20102
SPFB.Si,1,20160309,113400,72709.0000000,72726.0000000,72676.0000000,72694.0000000,10053
SPFB.Si,1,20160309,113500,72695.0000000,72750.0000000,72688.0000000,72712.0000000,7966
SPFB.Si,1,20160309,113600,72713.0000000,72730.0000000,72686.0000000,72690.0000000,6992
SPFB.Si,1,20160309,113700,72690.0000000,72705.0000000,72668.0000000,72690.0000000,5941
SPFB.Si,1,20160309,113800,72691.0000000,72737.0000000,72687.0000000,72699.0000000,10448
SPFB.Si,1,20160309,113900,72693.0000000,72750.0000000,72693.0000000,72745.0000000,7077
SPFB.Si,1,20160309,114000,72745.0000000,72786.0000000,72738.0000000,72745.0000000,14634
SPFB.Si,1,20160309,114100,72746.0000000,72789.0000000,72718.0000000,72762.0000000,11626
SPFB.Si,1,20160309,114200,72762.0000000,72799.0000000,72749.0000000,72762.0000000,9870
SPFB.Si,1,20160309,114300,72764.0000000,72784.0000000,72741.0000000,72766.0000000,7478
SPFB.Si,1,20160309,114400,72767.0000000,72790.0000000,72758.0000000,72788.0000000,6608
SPFB.Si,1,20160309,114500,72786.0000000,72799.0000000,72754.0000000,72771.0000000,7073
SPFB.Si,1,20160309,114600,72771.0000000,72784.0000000,72730.0000000,72747.0000000,8773
SPFB.Si,1,20160309,114700,72746.0000000,72748.0000000,72709.0000000,72717.0000000,4509
SPFB.Si,1,20160309,114800,72720.0000000,72727.0000000,72682.0000000,72700.0000000,7163
SPFB.Si,1,20160309,114900,72699.0000000,72700.0000000,72668.0000000,72669.0000000,3326
SPFB.Si,1,20160309,115000,72672.0000000,72693.0000000,72663.0000000,72668.0000000,2950
SPFB.Si,1,20160309,115100,72667.0000000,72701.0000000,72662.0000000,72691.0000000,4198
SPFB.Si,1,20160309,115200,72695.0000000,72716.0000000,72686.0000000,72703.0000000,3312
SPFB.Si,1,20160309,115300,72703.0000000,72733.0000000,72702.0000000,72732.0000000,2368
SPFB.Si,1,20160309,115400,72730.0000000,72735.0000000,72687.0000000,72692.0000000,2377
SPFB.Si,1,20160309,115500,72690.0000000,72701.0000000,72676.0000000,72701.0000000,1839
SPFB.Si,1,20160309,115600,72701.0000000,72728.0000000,72698.0000000,72716.0000000,2423
SPFB.Si,1,20160309,115700,72718.0000000,72722.0000000,72698.0000000,72712.0000000,2956
SPFB.Si,1,20160309,115800,72712.0000000,72739.0000000,72698.0000000,72717.0000000,4609
SPFB.Si,1,20160309,115900,72719.0000000,72730.0000000,72708.0000000,72718.0000000,1776
SPFB.Si,1,20160309,120000,72721.0000000,72758.0000000,72713.0000000,72751.0000000,3934
SPFB.Si,1,20160309,120100,72752.0000000,72765.0000000,72689.0000000,72709.0000000,17333
SPFB.Si,1,20160309,120200,72707.0000000,72726.0000000,72640.0000000,72658.0000000,11590
SPFB.Si,1,20160309,120300,72662.0000000,72675.0000000,72642.0000000,72656.0000000,5061
SPFB.Si,1,20160309,120400,72652.0000000,72661.0000000,72630.0000000,72631.0000000,4116
SPFB.Si,1,20160309,120500,72634.0000000,72654.0000000,72611.0000000,72625.0000000,5987
SPFB.Si,1,20160309,120600,72626.0000000,72627.0000000,72595.0000000,72604.0000000,7700
SPFB.Si,1,20160309,120700,72601.0000000,72609.0000000,72506.0000000,72519.0000000,15764
SPFB.Si,1,20160309,120800,72522.0000000,72539.0000000,72476.0000000,72487.0000000,14250
SPFB.Si,1,20160309,120900,72487.0000000,72513.0000000,72472.0000000,72506.0000000,12143
SPFB.Si,1,20160309,121000,72508.0000000,72518.0000000,72478.0000000,72480.0000000,4670
SPFB.Si,1,20160309,121100,72483.0000000,72500.0000000,72467.0000000,72481.0000000,5931
SPFB.Si,1,20160309,121200,72480.0000000,72528.0000000,72469.0000000,72512.0000000,11732
SPFB.Si,1,20160309,121300,72512.0000000,72553.0000000,72502.0000000,72553.0000000,5295
SPFB.Si,1,20160309,121400,72550.0000000,72568.0000000,72540.0000000,72553.0000000,4060
SPFB.Si,1,20160309,121500,72551.0000000,72560.0000000,72510.0000000,72512.0000000,6783
SPFB.Si,1,20160309,121600,72515.0000000,72531.0000000,72492.0000000,72509.0000000,6987
SPFB.Si,1,20160309,121700,72509.0000000,72528.0000000,72476.0000000,72485.0000000,4339
SPFB.Si,1,20160309,121800,72484.0000000,72525.0000000,72470.0000000,72511.0000000,5531
SPFB.Si,1,20160309,121900,72510.0000000,72514.0000000,72479.0000000,72507.0000000,3603
SPFB.Si,1,20160309,122000,72503.0000000,72520.0000000,72490.0000000,72507.0000000,4861
SPFB.Si,1,20160309,122100,72507.0000000,72507.0000000,72450.0000000,72468.0000000,6539
SPFB.Si,1,20160309,122200,72464.0000000,72468.0000000,72420.0000000,72451.0000000,7750
SPFB.Si,1,20160309,122300,72449.0000000,72459.0000000,72442.0000000,72453.0000000,2181
SPFB.Si,1,20160309,122400,72452.0000000,72456.0000000,72401.0000000,72443.0000000,6659
SPFB.Si,1,20160309,122500,72438.0000000,72466.0000000,72418.0000000,72462.0000000,5318
SPFB.Si,1,20160309,122600,72458.0000000,72479.0000000,72457.0000000,72459.0000000,1703
SPFB.Si,1,20160309,122700,72459.0000000,72469.0000000,72429.0000000,72434.0000000,3989
SPFB.Si,1,20160309,122800,72430.0000000,72433.0000000,72352.0000000,72379.0000000,12205
SPFB.Si,1,20160309,122900,72377.0000000,72378.0000000,72336.0000000,72362.0000000,8453
SPFB.Si,1,20160309,123000,72362.0000000,72379.0000000,72339.0000000,72349.0000000,8620
SPFB.Si,1,20160309,123100,72348.0000000,72368.0000000,72333.0000000,72351.0000000,6687
SPFB.Si,1,20160309,123200,72351.0000000,72380.0000000,72349.0000000,72371.0000000,3451
SPFB.Si,1,20160309,123300,72369.0000000,72390.0000000,72338.0000000,72353.0000000,4790
SPFB.Si,1,20160309,123400,72353.0000000,72386.0000000,72349.0000000,72381.0000000,3810
SPFB.Si,1,20160309,123500,72377.0000000,72380.0000000,72328.0000000,72338.0000000,4768
SPFB.Si,1,20160309,123600,72339.0000000,72358.0000000,72329.0000000,72351.0000000,2233
SPFB.Si,1,20160309,123700,72351.0000000,72356.0000000,72330.0000000,72354.0000000,4026
SPFB.Si,1,20160309,123800,72352.0000000,72380.0000000,72352.0000000,72374.0000000,2534
SPFB.Si,1,20160309,123900,72372.0000000,72382.0000000,72363.0000000,72379.0000000,1520
SPFB.Si,1,20160309,124000,72375.0000000,72400.0000000,72366.0000000,72373.0000000,2825
SPFB.Si,1,20160309,124100,72373.0000000,72377.0000000,72271.0000000,72296.0000000,12722
SPFB.Si,1,20160309,124200,72297.0000000,72340.0000000,72274.0000000,72340.0000000,7492
SPFB.Si,1,20160309,124300,72339.0000000,72379.0000000,72331.0000000,72347.0000000,11231
SPFB.Si,1,20160309,124400,72347.0000000,72380.0000000,72336.0000000,72354.0000000,7166
SPFB.Si,1,20160309,124500,72352.0000000,72387.0000000,72350.0000000,72377.0000000,3789
SPFB.Si,1,20160309,124600,72376.0000000,72448.0000000,72364.0000000,72433.0000000,9715
SPFB.Si,1,20160309,124700,72433.0000000,72479.0000000,72428.0000000,72441.0000000,6227
SPFB.Si,1,20160309,124800,72442.0000000,72485.0000000,72442.0000000,72456.0000000,4677
SPFB.Si,1,20160309,124900,72451.0000000,72484.0000000,72446.0000000,72460.0000000,3707
SPFB.Si,1,20160309,125000,72460.0000000,72510.0000000,72460.0000000,72483.0000000,6190
SPFB.Si,1,20160309,125100,72485.0000000,72502.0000000,72457.0000000,72469.0000000,2479
SPFB.Si,1,20160309,125200,72469.0000000,72492.0000000,72456.0000000,72480.0000000,1836
SPFB.Si,1,20160309,125300,72480.0000000,72488.0000000,72465.0000000,72475.0000000,874
SPFB.Si,1,20160309,125400,72475.0000000,72485.0000000,72438.0000000,72455.0000000,2878
SPFB.Si,1,20160309,125500,72451.0000000,72463.0000000,72405.0000000,72426.0000000,3986
SPFB.Si,1,20160309,125600,72423.0000000,72443.0000000,72413.0000000,72435.0000000,1518
SPFB.Si,1,20160309,125700,72435.0000000,72453.0000000,72424.0000000,72432.0000000,3750
SPFB.Si,1,20160309,125800,72430.0000000,72441.0000000,72419.0000000,72425.0000000,3873
SPFB.Si,1,20160309,125900,72425.0000000,72439.0000000,72351.0000000,72388.0000000,17668
SPFB.Si,1,20160309,130000,72386.0000000,72411.0000000,72372.0000000,72398.0000000,4319
SPFB.Si,1,20160309,130100,72398.0000000,72421.0000000,72378.0000000,72416.0000000,5963
SPFB.Si,1,20160309,130200,72420.0000000,72440.0000000,72396.0000000,72429.0000000,4396
SPFB.Si,1,20160309,130300,72428.0000000,72459.0000000,72413.0000000,72445.0000000,2610
SPFB.Si,1,20160309,130400,72441.0000000,72449.0000000,72417.0000000,72425.0000000,1542
SPFB.Si,1,20160309,130500,72425.0000000,72442.0000000,72412.0000000,72423.0000000,2149
SPFB.Si,1,20160309,130600,72426.0000000,72431.0000000,72390.0000000,72410.0000000,4085
SPFB.Si,1,20160309,130700,72410.0000000,72420.0000000,72383.0000000,72391.0000000,3379
SPFB.Si,1,20160309,130800,72391.0000000,72411.0000000,72384.0000000,72391.0000000,1749
SPFB.Si,1,20160309,130900,72395.0000000,72409.0000000,72369.0000000,72385.0000000,1734
SPFB.Si,1,20160309,131000,72384.0000000,72394.0000000,72370.0000000,72373.0000000,1712
SPFB.Si,1,20160309,131100,72375.0000000,72388.0000000,72368.0000000,72375.0000000,2106
SPFB.Si,1,20160309,131200,72374.0000000,72378.0000000,72314.0000000,72338.0000000,4877
SPFB.Si,1,20160309,131300,72335.0000000,72345.0000000,72307.0000000,72336.0000000,2764
SPFB.Si,1,20160309,131400,72339.0000000,72366.0000000,72336.0000000,72347.0000000,2729
SPFB.Si,1,20160309,131500,72348.0000000,72349.0000000,72332.0000000,72347.0000000,1455
SPFB.Si,1,20160309,131600,72347.0000000,72353.0000000,72337.0000000,72343.0000000,1486
SPFB.Si,1,20160309,131700,72342.0000000,72353.0000000,72273.0000000,72274.0000000,3661
SPFB.Si,1,20160309,131800,72275.0000000,72297.0000000,72266.0000000,72283.0000000,5627
SPFB.Si,1,20160309,131900,72286.0000000,72313.0000000,72282.0000000,72298.0000000,2289
SPFB.Si,1,20160309,132000,72298.0000000,72328.0000000,72287.0000000,72313.0000000,5561
SPFB.Si,1,20160309,132100,72313.0000000,72339.0000000,72312.0000000,72325.0000000,3029
SPFB.Si,1,20160309,132200,72329.0000000,72365.0000000,72323.0000000,72359.0000000,3301
SPFB.Si,1,20160309,132300,72355.0000000,72362.0000000,72339.0000000,72341.0000000,4174
SPFB.Si,1,20160309,132400,72340.0000000,72349.0000000,72312.0000000,72319.0000000,2072
SPFB.Si,1,20160309,132500,72322.0000000,72328.0000000,72250.0000000,72265.0000000,11056
SPFB.Si,1,20160309,132600,72264.0000000,72269.0000000,72219.0000000,72228.0000000,6589
SPFB.Si,1,20160309,132700,72226.0000000,72235.0000000,72198.0000000,72207.0000000,9781
SPFB.Si,1,20160309,132800,72212.0000000,72281.0000000,72188.0000000,72248.0000000,9146
SPFB.Si,1,20160309,132900,72245.0000000,72285.0000000,72218.0000000,72277.0000000,3319
SPFB.Si,1,20160309,133000,72280.0000000,72284.0000000,72257.0000000,72270.0000000,2439
SPFB.Si,1,20160309,133100,72274.0000000,72304.0000000,72265.0000000,72301.0000000,5526
SPFB.Si,1,20160309,133200,72304.0000000,72309.0000000,72290.0000000,72297.0000000,1684
SPFB.Si,1,20160309,133300,72297.0000000,72300.0000000,72280.0000000,72297.0000000,2489
SPFB.Si,1,20160309,133400,72297.0000000,72333.0000000,72288.0000000,72307.0000000,3151
SPFB.Si,1,20160309,133500,72307.0000000,72345.0000000,72307.0000000,72330.0000000,4048
SPFB.Si,1,20160309,133600,72330.0000000,72353.0000000,72327.0000000,72348.0000000,1201
SPFB.Si,1,20160309,133700,72350.0000000,72365.0000000,72311.0000000,72313.0000000,2722
SPFB.Si,1,20160309,133800,72312.0000000,72315.0000000,72290.0000000,72300.0000000,1858
SPFB.Si,1,20160309,133900,72300.0000000,72337.0000000,72296.0000000,72322.0000000,3830
SPFB.Si,1,20160309,134000,72321.0000000,72348.0000000,72313.0000000,72320.0000000,2481
SPFB.Si,1,20160309,134100,72322.0000000,72325.0000000,72281.0000000,72301.0000000,4063
SPFB.Si,1,20160309,134200,72305.0000000,72330.0000000,72300.0000000,72312.0000000,1742
SPFB.Si,1,20160309,134300,72310.0000000,72315.0000000,72281.0000000,72281.0000000,1701
SPFB.Si,1,20160309,134400,72283.0000000,72286.0000000,72222.0000000,72223.0000000,4462
SPFB.Si,1,20160309,134500,72223.0000000,72257.0000000,72205.0000000,72254.0000000,4872
SPFB.Si,1,20160309,134600,72252.0000000,72268.0000000,72226.0000000,72231.0000000,4607
SPFB.Si,1,20160309,134700,72231.0000000,72233.0000000,72209.0000000,72221.0000000,3571
SPFB.Si,1,20160309,134800,72219.0000000,72258.0000000,72213.0000000,72248.0000000,3640
SPFB.Si,1,20160309,134900,72248.0000000,72254.0000000,72233.0000000,72246.0000000,2311
SPFB.Si,1,20160309,135000,72245.0000000,72260.0000000,72241.0000000,72258.0000000,1306
SPFB.Si,1,20160309,135100,72257.0000000,72285.0000000,72252.0000000,72261.0000000,2795
SPFB.Si,1,20160309,135200,72257.0000000,72259.0000000,72235.0000000,72240.0000000,1527
SPFB.Si,1,20160309,135300,72241.0000000,72276.0000000,72234.0000000,72271.0000000,2149
SPFB.Si,1,20160309,135400,72271.0000000,72310.0000000,72255.0000000,72305.0000000,3318
SPFB.Si,1,20160309,135500,72301.0000000,72304.0000000,72274.0000000,72288.0000000,1948
SPFB.Si,1,20160309,135600,72282.0000000,72286.0000000,72257.0000000,72270.0000000,1262
SPFB.Si,1,20160309,135700,72268.0000000,72289.0000000,72252.0000000,72280.0000000,1502
SPFB.Si,1,20160309,135800,72276.0000000,72308.0000000,72275.0000000,72299.0000000,1429
SPFB.Si,1,20160309,135900,72298.0000000,72329.0000000,72297.0000000,72326.0000000,1634
SPFB.Si,1,20160309,140000,72321.0000000,72334.0000000,72319.0000000,72325.0000000,2908
SPFB.Si,1,20160309,140600,72325.0000000,72360.0000000,72324.0000000,72354.0000000,3713
SPFB.Si,1,20160309,140700,72352.0000000,72363.0000000,72335.0000000,72350.0000000,2357
SPFB.Si,1,20160309,140800,72350.0000000,72355.0000000,72327.0000000,72329.0000000,2724
SPFB.Si,1,20160309,140900,72331.0000000,72331.0000000,72301.0000000,72301.0000000,2425
SPFB.Si,1,20160309,141000,72304.0000000,72310.0000000,72283.0000000,72307.0000000,4530
SPFB.Si,1,20160309,141100,72302.0000000,72310.0000000,72257.0000000,72281.0000000,5175
SPFB.Si,1,20160309,141200,72282.0000000,72282.0000000,72249.0000000,72262.0000000,3545
SPFB.Si,1,20160309,141300,72263.0000000,72265.0000000,72243.0000000,72247.0000000,2626
SPFB.Si,1,20160309,141400,72249.0000000,72310.0000000,72249.0000000,72305.0000000,3444
SPFB.Si,1,20160309,141500,72302.0000000,72314.0000000,72280.0000000,72290.0000000,2308
SPFB.Si,1,20160309,141600,72287.0000000,72326.0000000,72285.0000000,72317.0000000,2598
SPFB.Si,1,20160309,141700,72316.0000000,72324.0000000,72301.0000000,72303.0000000,1848
SPFB.Si,1,20160309,141800,72303.0000000,72305.0000000,72273.0000000,72286.0000000,3430
SPFB.Si,1,20160309,141900,72284.0000000,72290.0000000,72258.0000000,72278.0000000,1321
SPFB.Si,1,20160309,142000,72280.0000000,72329.0000000,72276.0000000,72328.0000000,2294
SPFB.Si,1,20160309,142100,72325.0000000,72327.0000000,72285.0000000,72295.0000000,3052
SPFB.Si,1,20160309,142200,72294.0000000,72303.0000000,72269.0000000,72301.0000000,1150
SPFB.Si,1,20160309,142300,72300.0000000,72304.0000000,72295.0000000,72302.0000000,790
SPFB.Si,1,20160309,142400,72302.0000000,72312.0000000,72293.0000000,72305.0000000,992
SPFB.Si,1,20160309,142500,72305.0000000,72309.0000000,72292.0000000,72302.0000000,356
SPFB.Si,1,20160309,142600,72302.0000000,72302.0000000,72266.0000000,72272.0000000,744
SPFB.Si,1,20160309,142700,72277.0000000,72327.0000000,72273.0000000,72322.0000000,3315
SPFB.Si,1,20160309,142800,72324.0000000,72344.0000000,72317.0000000,72338.0000000,2034
SPFB.Si,1,20160309,142900,72338.0000000,72356.0000000,72329.0000000,72347.0000000,4801
SPFB.Si,1,20160309,143000,72349.0000000,72349.0000000,72321.0000000,72325.0000000,2765
SPFB.Si,1,20160309,143100,72328.0000000,72331.0000000,72306.0000000,72313.0000000,2695
SPFB.Si,1,20160309,143200,72313.0000000,72315.0000000,72282.0000000,72291.0000000,1891
SPFB.Si,1,20160309,143300,72293.0000000,72303.0000000,72262.0000000,72265.0000000,1237
SPFB.Si,1,20160309,143400,72265.0000000,72274.0000000,72255.0000000,72255.0000000,1479
SPFB.Si,1,20160309,143500,72258.0000000,72285.0000000,72235.0000000,72244.0000000,5570
SPFB.Si,1,20160309,143600,72244.0000000,72277.0000000,72238.0000000,72268.0000000,2943
SPFB.Si,1,20160309,143700,72271.0000000,72272.0000000,72237.0000000,72241.0000000,2367
SPFB.Si,1,20160309,143800,72242.0000000,72245.0000000,72216.0000000,72227.0000000,2158
SPFB.Si,1,20160309,143900,72226.0000000,72228.0000000,72196.0000000,72204.0000000,4549
SPFB.Si,1,20160309,144000,72205.0000000,72221.0000000,72158.0000000,72175.0000000,14871
SPFB.Si,1,20160309,144100,72171.0000000,72186.0000000,72132.0000000,72153.0000000,7964
SPFB.Si,1,20160309,144200,72154.0000000,72162.0000000,72069.0000000,72089.0000000,15371
SPFB.Si,1,20160309,144300,72087.0000000,72123.0000000,72084.0000000,72112.0000000,4650
SPFB.Si,1,20160309,144400,72111.0000000,72157.0000000,72105.0000000,72145.0000000,5683
SPFB.Si,1,20160309,144500,72146.0000000,72180.0000000,72144.0000000,72169.0000000,3577
SPFB.Si,1,20160309,144600,72168.0000000,72189.0000000,72164.0000000,72181.0000000,5922
SPFB.Si,1,20160309,144700,72183.0000000,72189.0000000,72152.0000000,72154.0000000,2369
SPFB.Si,1,20160309,144800,72152.0000000,72158.0000000,72125.0000000,72127.0000000,2831
SPFB.Si,1,20160309,144900,72128.0000000,72130.0000000,72090.0000000,72101.0000000,3344
SPFB.Si,1,20160309,145000,72100.0000000,72139.0000000,72083.0000000,72120.0000000,5211
SPFB.Si,1,20160309,145100,72123.0000000,72124.0000000,72041.0000000,72060.0000000,9509
SPFB.Si,1,20160309,145200,72059.0000000,72084.0000000,72043.0000000,72058.0000000,4005
SPFB.Si,1,20160309,145300,72058.0000000,72101.0000000,72056.0000000,72081.0000000,4309
SPFB.Si,1,20160309,145400,72078.0000000,72108.0000000,72059.0000000,72090.0000000,4772
SPFB.Si,1,20160309,145500,72088.0000000,72101.0000000,72050.0000000,72061.0000000,4101
SPFB.Si,1,20160309,145600,72061.0000000,72121.0000000,72057.0000000,72115.0000000,4615
SPFB.Si,1,20160309,145700,72115.0000000,72168.0000000,72115.0000000,72127.0000000,5485
SPFB.Si,1,20160309,145800,72127.0000000,72134.0000000,72110.0000000,72131.0000000,3059
SPFB.Si,1,20160309,145900,72130.0000000,72142.0000000,72104.0000000,72116.0000000,1596
SPFB.Si,1,20160309,150000,72113.0000000,72127.0000000,72102.0000000,72110.0000000,2630
SPFB.Si,1,20160309,150100,72110.0000000,72145.0000000,72102.0000000,72134.0000000,3929
SPFB.Si,1,20160309,150200,72133.0000000,72143.0000000,72126.0000000,72131.0000000,1494
SPFB.Si,1,20160309,150300,72130.0000000,72139.0000000,72113.0000000,72117.0000000,1535
SPFB.Si,1,20160309,150400,72118.0000000,72124.0000000,72086.0000000,72110.0000000,6615
SPFB.Si,1,20160309,150500,72107.0000000,72158.0000000,72094.0000000,72141.0000000,4385
SPFB.Si,1,20160309,150600,72144.0000000,72164.0000000,72140.0000000,72143.0000000,2654
SPFB.Si,1,20160309,150700,72145.0000000,72153.0000000,72137.0000000,72139.0000000,1329
SPFB.Si,1,20160309,150800,72138.0000000,72147.0000000,72122.0000000,72141.0000000,1488
SPFB.Si,1,20160309,150900,72140.0000000,72164.0000000,72133.0000000,72147.0000000,3297
SPFB.Si,1,20160309,151000,72146.0000000,72186.0000000,72122.0000000,72173.0000000,6186
SPFB.Si,1,20160309,151100,72169.0000000,72179.0000000,72136.0000000,72156.0000000,2087
SPFB.Si,1,20160309,151200,72156.0000000,72174.0000000,72141.0000000,72141.0000000,2485
SPFB.Si,1,20160309,151300,72145.0000000,72154.0000000,72026.0000000,72031.0000000,11096
SPFB.Si,1,20160309,151400,72034.0000000,72064.0000000,71995.0000000,72006.0000000,13865
SPFB.Si,1,20160309,151500,72006.0000000,72022.0000000,71990.0000000,72018.0000000,5636
SPFB.Si,1,20160309,151600,72015.0000000,72022.0000000,71971.0000000,71984.0000000,5890
SPFB.Si,1,20160309,151700,71987.0000000,72013.0000000,71983.0000000,72011.0000000,3935
SPFB.Si,1,20160309,151800,72012.0000000,72026.0000000,71990.0000000,71991.0000000,4720
SPFB.Si,1,20160309,151900,71990.0000000,72018.0000000,71976.0000000,71997.0000000,4183
SPFB.Si,1,20160309,152000,71998.0000000,72005.0000000,71985.0000000,71999.0000000,2528
SPFB.Si,1,20160309,152100,71999.0000000,72000.0000000,71960.0000000,71983.0000000,3828
SPFB.Si,1,20160309,152200,71981.0000000,71996.0000000,71976.0000000,71981.0000000,1474
SPFB.Si,1,20160309,152300,71979.0000000,72000.0000000,71964.0000000,71976.0000000,3597
SPFB.Si,1,20160309,152400,71976.0000000,72027.0000000,71971.0000000,72024.0000000,4562
SPFB.Si,1,20160309,152500,72024.0000000,72044.0000000,72013.0000000,72036.0000000,5011
SPFB.Si,1,20160309,152600,72032.0000000,72035.0000000,72003.0000000,72006.0000000,2098
SPFB.Si,1,20160309,152700,72007.0000000,72019.0000000,71978.0000000,71997.0000000,3929
SPFB.Si,1,20160309,152800,71997.0000000,72004.0000000,71987.0000000,71995.0000000,1441
SPFB.Si,1,20160309,152900,71989.0000000,72020.0000000,71979.0000000,71999.0000000,5264
SPFB.Si,1,20160309,153000,71996.0000000,72014.0000000,71970.0000000,71980.0000000,3587
SPFB.Si,1,20160309,153100,71979.0000000,71992.0000000,71967.0000000,71987.0000000,2747
SPFB.Si,1,20160309,153200,71987.0000000,72021.0000000,71965.0000000,72015.0000000,4862
SPFB.Si,1,20160309,153300,72016.0000000,72020.0000000,71989.0000000,71996.0000000,2764
SPFB.Si,1,20160309,153400,71996.0000000,72012.0000000,71971.0000000,71985.0000000,2152
SPFB.Si,1,20160309,153500,71981.0000000,71986.0000000,71930.0000000,71933.0000000,8209
SPFB.Si,1,20160309,153600,71931.0000000,71938.0000000,71918.0000000,71934.0000000,3916
SPFB.Si,1,20160309,153700,71930.0000000,71960.0000000,71927.0000000,71956.0000000,2331
SPFB.Si,1,20160309,153800,71958.0000000,71975.0000000,71945.0000000,71969.0000000,2536
SPFB.Si,1,20160309,153900,71964.0000000,71989.0000000,71953.0000000,71958.0000000,3632
SPFB.Si,1,20160309,154000,71956.0000000,71960.0000000,71922.0000000,71928.0000000,1806
SPFB.Si,1,20160309,154100,71924.0000000,71931.0000000,71864.0000000,71886.0000000,13483
SPFB.Si,1,20160309,154200,71883.0000000,71893.0000000,71852.0000000,71861.0000000,5379
SPFB.Si,1,20160309,154300,71864.0000000,71867.0000000,71840.0000000,71863.0000000,4723
SPFB.Si,1,20160309,154400,71860.0000000,71873.0000000,71831.0000000,71838.0000000,3917
SPFB.Si,1,20160309,154500,71834.0000000,71841.0000000,71803.0000000,71815.0000000,6508
SPFB.Si,1,20160309,154600,71820.0000000,71872.0000000,71812.0000000,71860.0000000,4699
SPFB.Si,1,20160309,154700,71862.0000000,71888.0000000,71841.0000000,71841.0000000,4305
SPFB.Si,1,20160309,154800,71841.0000000,71868.0000000,71840.0000000,71859.0000000,1960
SPFB.Si,1,20160309,154900,71857.0000000,71861.0000000,71826.0000000,71855.0000000,3050
SPFB.Si,1,20160309,155000,71855.0000000,71884.0000000,71848.0000000,71882.0000000,2111
SPFB.Si,1,20160309,155100,71882.0000000,71899.0000000,71865.0000000,71896.0000000,2848
SPFB.Si,1,20160309,155200,71897.0000000,71950.0000000,71888.0000000,71933.0000000,9275
SPFB.Si,1,20160309,155300,71938.0000000,71976.0000000,71934.0000000,71949.0000000,8294
SPFB.Si,1,20160309,155400,71946.0000000,71991.0000000,71936.0000000,71960.0000000,7915
SPFB.Si,1,20160309,155500,71960.0000000,71962.0000000,71934.0000000,71939.0000000,2253
SPFB.Si,1,20160309,155600,71938.0000000,71955.0000000,71915.0000000,71950.0000000,4090
SPFB.Si,1,20160309,155700,71954.0000000,71965.0000000,71945.0000000,71951.0000000,1414
SPFB.Si,1,20160309,155800,71947.0000000,71965.0000000,71928.0000000,71965.0000000,1486
SPFB.Si,1,20160309,155900,71962.0000000,71995.0000000,71958.0000000,71968.0000000,6661
SPFB.Si,1,20160309,160000,71968.0000000,72000.0000000,71948.0000000,71984.0000000,3776
SPFB.Si,1,20160309,160100,71980.0000000,72001.0000000,71961.0000000,71995.0000000,7789
SPFB.Si,1,20160309,160200,71994.0000000,71996.0000000,71962.0000000,71975.0000000,3367
SPFB.Si,1,20160309,160300,71974.0000000,71997.0000000,71960.0000000,71965.0000000,4957
SPFB.Si,1,20160309,160400,71964.0000000,71994.0000000,71958.0000000,71963.0000000,3051
SPFB.Si,1,20160309,160500,71963.0000000,71973.0000000,71950.0000000,71952.0000000,3423
SPFB.Si,1,20160309,160600,71952.0000000,71968.0000000,71935.0000000,71964.0000000,3554
SPFB.Si,1,20160309,160700,71960.0000000,71972.0000000,71949.0000000,71965.0000000,1738
SPFB.Si,1,20160309,160800,71965.0000000,71970.0000000,71944.0000000,71958.0000000,2252
SPFB.Si,1,20160309,160900,71957.0000000,72024.0000000,71949.0000000,71990.0000000,5981
SPFB.Si,1,20160309,161000,71987.0000000,72012.0000000,71981.0000000,72008.0000000,2384
SPFB.Si,1,20160309,161100,72005.0000000,72027.0000000,71971.0000000,71972.0000000,6339
SPFB.Si,1,20160309,161200,71975.0000000,71982.0000000,71958.0000000,71976.0000000,1338
SPFB.Si,1,20160309,161300,71979.0000000,71993.0000000,71956.0000000,71961.0000000,2053
SPFB.Si,1,20160309,161400,71961.0000000,71962.0000000,71936.0000000,71938.0000000,2000
SPFB.Si,1,20160309,161500,71938.0000000,71942.0000000,71879.0000000,71895.0000000,5876
SPFB.Si,1,20160309,161600,71898.0000000,71909.0000000,71861.0000000,71879.0000000,5373
SPFB.Si,1,20160309,161700,71875.0000000,71915.0000000,71872.0000000,71889.0000000,3339
SPFB.Si,1,20160309,161800,71889.0000000,71892.0000000,71849.0000000,71871.0000000,6848
SPFB.Si,1,20160309,161900,71872.0000000,71872.0000000,71844.0000000,71863.0000000,1876
SPFB.Si,1,20160309,162000,71863.0000000,71891.0000000,71858.0000000,71872.0000000,2354
SPFB.Si,1,20160309,162100,71870.0000000,71889.0000000,71855.0000000,71871.0000000,3617
SPFB.Si,1,20160309,162200,71871.0000000,71894.0000000,71870.0000000,71890.0000000,1792
SPFB.Si,1,20160309,162300,71888.0000000,71919.0000000,71888.0000000,71901.0000000,3147
SPFB.Si,1,20160309,162400,71901.0000000,71930.0000000,71879.0000000,71918.0000000,2697
SPFB.Si,1,20160309,162500,71919.0000000,71921.0000000,71875.0000000,71878.0000000,1241
SPFB.Si,1,20160309,162600,71879.0000000,71912.0000000,71874.0000000,71908.0000000,2418
SPFB.Si,1,20160309,162700,71908.0000000,71943.0000000,71897.0000000,71941.0000000,5140
SPFB.Si,1,20160309,162800,71939.0000000,71956.0000000,71926.0000000,71948.0000000,3483
SPFB.Si,1,20160309,162900,71944.0000000,71947.0000000,71902.0000000,71921.0000000,3673
SPFB.Si,1,20160309,163000,71920.0000000,71941.0000000,71920.0000000,71933.0000000,1645
SPFB.Si,1,20160309,163100,71934.0000000,71948.0000000,71890.0000000,71895.0000000,3692
SPFB.Si,1,20160309,163200,71895.0000000,71927.0000000,71894.0000000,71907.0000000,1689
SPFB.Si,1,20160309,163300,71906.0000000,71938.0000000,71901.0000000,71914.0000000,1704
SPFB.Si,1,20160309,163400,71912.0000000,71923.0000000,71861.0000000,71872.0000000,7671
SPFB.Si,1,20160309,163500,71872.0000000,71884.0000000,71859.0000000,71864.0000000,2320
SPFB.Si,1,20160309,163600,71863.0000000,71916.0000000,71859.0000000,71904.0000000,3453
SPFB.Si,1,20160309,163700,71902.0000000,71931.0000000,71901.0000000,71923.0000000,2556
SPFB.Si,1,20160309,163800,71921.0000000,71955.0000000,71908.0000000,71911.0000000,4595
SPFB.Si,1,20160309,163900,71911.0000000,71922.0000000,71901.0000000,71908.0000000,3269
SPFB.Si,1,20160309,164000,71909.0000000,71953.0000000,71894.0000000,71931.0000000,4210
SPFB.Si,1,20160309,164100,71930.0000000,71944.0000000,71916.0000000,71943.0000000,2315
SPFB.Si,1,20160309,164200,71940.0000000,71982.0000000,71921.0000000,71961.0000000,4931
SPFB.Si,1,20160309,164300,71962.0000000,72007.0000000,71960.0000000,72004.0000000,4517
SPFB.Si,1,20160309,164400,71999.0000000,72039.0000000,71988.0000000,72036.0000000,8542
SPFB.Si,1,20160309,164500,72034.0000000,72058.0000000,72017.0000000,72036.0000000,8390
SPFB.Si,1,20160309,164600,72037.0000000,72049.0000000,71984.0000000,72016.0000000,5665
SPFB.Si,1,20160309,164700,72014.0000000,72048.0000000,72014.0000000,72018.0000000,2656
SPFB.Si,1,20160309,164800,72018.0000000,72033.0000000,71992.0000000,72003.0000000,2553
SPFB.Si,1,20160309,164900,72001.0000000,72027.0000000,71988.0000000,72003.0000000,2220
SPFB.Si,1,20160309,165000,72003.0000000,72010.0000000,71983.0000000,71990.0000000,1393
SPFB.Si,1,20160309,165100,71989.0000000,72014.0000000,71971.0000000,71979.0000000,2006
SPFB.Si,1,20160309,165200,71976.0000000,72010.0000000,71971.0000000,71996.0000000,2094
SPFB.Si,1,20160309,165300,71997.0000000,72025.0000000,71984.0000000,72016.0000000,3514
SPFB.Si,1,20160309,165400,72012.0000000,72052.0000000,72012.0000000,72042.0000000,4814
SPFB.Si,1,20160309,165500,72042.0000000,72048.0000000,72033.0000000,72042.0000000,1512
SPFB.Si,1,20160309,165600,72045.0000000,72060.0000000,72032.0000000,72037.0000000,7670
SPFB.Si,1,20160309,165700,72036.0000000,72040.0000000,71985.0000000,72004.0000000,4829
SPFB.Si,1,20160309,165800,72004.0000000,72004.0000000,71962.0000000,71990.0000000,4695
SPFB.Si,1,20160309,165900,71989.0000000,71991.0000000,71965.0000000,71968.0000000,4384
SPFB.Si,1,20160309,170000,71967.0000000,71975.0000000,71906.0000000,71910.0000000,7645
SPFB.Si,1,20160309,170100,71908.0000000,71946.0000000,71890.0000000,71911.0000000,8041
SPFB.Si,1,20160309,170200,71910.0000000,71931.0000000,71883.0000000,71907.0000000,5195
SPFB.Si,1,20160309,170300,71907.0000000,71927.0000000,71881.0000000,71901.0000000,3768
SPFB.Si,1,20160309,170400,71904.0000000,71920.0000000,71881.0000000,71893.0000000,2446
SPFB.Si,1,20160309,170500,71890.0000000,71896.0000000,71855.0000000,71870.0000000,4671
SPFB.Si,1,20160309,170600,71871.0000000,71875.0000000,71775.0000000,71799.0000000,21655
SPFB.Si,1,20160309,170700,71799.0000000,71801.0000000,71758.0000000,71785.0000000,10200
SPFB.Si,1,20160309,170800,71782.0000000,71797.0000000,71751.0000000,71762.0000000,10125
SPFB.Si,1,20160309,170900,71761.0000000,71771.0000000,71740.0000000,71769.0000000,6176
SPFB.Si,1,20160309,171000,71767.0000000,71774.0000000,71718.0000000,71755.0000000,7512
SPFB.Si,1,20160309,171100,71751.0000000,71756.0000000,71721.0000000,71756.0000000,7743
SPFB.Si,1,20160309,171200,71755.0000000,71776.0000000,71736.0000000,71752.0000000,5896
SPFB.Si,1,20160309,171300,71752.0000000,71778.0000000,71730.0000000,71772.0000000,6200
SPFB.Si,1,20160309,171400,71770.0000000,71788.0000000,71761.0000000,71781.0000000,1872
SPFB.Si,1,20160309,171500,71781.0000000,71812.0000000,71780.0000000,71805.0000000,4439
SPFB.Si,1,20160309,171600,71804.0000000,71824.0000000,71778.0000000,71820.0000000,4500
SPFB.Si,1,20160309,171700,71819.0000000,71829.0000000,71795.0000000,71817.0000000,2661
SPFB.Si,1,20160309,171800,71816.0000000,71823.0000000,71801.0000000,71807.0000000,2579
SPFB.Si,1,20160309,171900,71807.0000000,71807.0000000,71755.0000000,71774.0000000,3711
SPFB.Si,1,20160309,172000,71773.0000000,71773.0000000,71729.0000000,71750.0000000,4040
SPFB.Si,1,20160309,172100,71750.0000000,71766.0000000,71734.0000000,71755.0000000,2356
SPFB.Si,1,20160309,172200,71756.0000000,71769.0000000,71666.0000000,71684.0000000,10799
SPFB.Si,1,20160309,172300,71681.0000000,71721.0000000,71657.0000000,71713.0000000,7247
SPFB.Si,1,20160309,172400,71714.0000000,71745.0000000,71671.0000000,71688.0000000,8197
SPFB.Si,1,20160309,172500,71688.0000000,71737.0000000,71681.0000000,71724.0000000,8414
SPFB.Si,1,20160309,172600,71721.0000000,71744.0000000,71709.0000000,71732.0000000,7574
SPFB.Si,1,20160309,172700,71731.0000000,71752.0000000,71679.0000000,71681.0000000,5324
SPFB.Si,1,20160309,172800,71680.0000000,71695.0000000,71660.0000000,71678.0000000,3991
SPFB.Si,1,20160309,172900,71675.0000000,71689.0000000,71629.0000000,71665.0000000,11604
SPFB.Si,1,20160309,173000,71664.0000000,71705.0000000,71657.0000000,71673.0000000,3256
SPFB.Si,1,20160309,173100,71673.0000000,71678.0000000,71641.0000000,71652.0000000,9040
SPFB.Si,1,20160309,173200,71652.0000000,71682.0000000,71645.0000000,71650.0000000,6830
SPFB.Si,1,20160309,173300,71650.0000000,71653.0000000,71551.0000000,71577.0000000,20823
SPFB.Si,1,20160309,173400,71578.0000000,71581.0000000,71527.0000000,71574.0000000,9505
SPFB.Si,1,20160309,173500,71574.0000000,71607.0000000,71558.0000000,71596.0000000,8574
SPFB.Si,1,20160309,173600,71593.0000000,71645.0000000,71531.0000000,71641.0000000,11320
SPFB.Si,1,20160309,173700,71640.0000000,71696.0000000,71637.0000000,71691.0000000,7433
SPFB.Si,1,20160309,173800,71692.0000000,71724.0000000,71672.0000000,71673.0000000,8271
SPFB.Si,1,20160309,173900,71673.0000000,71717.0000000,71665.0000000,71708.0000000,3876
SPFB.Si,1,20160309,174000,71709.0000000,71743.0000000,71698.0000000,71718.0000000,3698
SPFB.Si,1,20160309,174100,71713.0000000,71719.0000000,71655.0000000,71659.0000000,4193
SPFB.Si,1,20160309,174200,71659.0000000,71689.0000000,71605.0000000,71628.0000000,6181
SPFB.Si,1,20160309,174300,71629.0000000,71649.0000000,71590.0000000,71600.0000000,8927
SPFB.Si,1,20160309,174400,71602.0000000,71658.0000000,71591.0000000,71644.0000000,4040
SPFB.Si,1,20160309,174500,71642.0000000,71697.0000000,71611.0000000,71677.0000000,5604
SPFB.Si,1,20160309,174600,71674.0000000,71693.0000000,71646.0000000,71664.0000000,7264
SPFB.Si,1,20160309,174700,71663.0000000,71675.0000000,71577.0000000,71588.0000000,6022
SPFB.Si,1,20160309,174800,71589.0000000,71614.0000000,71571.0000000,71604.0000000,6983
SPFB.Si,1,20160309,174900,71603.0000000,71613.0000000,71575.0000000,71588.0000000,3205
SPFB.Si,1,20160309,175000,71589.0000000,71592.0000000,71504.0000000,71572.0000000,8560
SPFB.Si,1,20160309,175100,71568.0000000,71612.0000000,71564.0000000,71594.0000000,4101
SPFB.Si,1,20160309,175200,71591.0000000,71599.0000000,71540.0000000,71548.0000000,4374
SPFB.Si,1,20160309,175300,71547.0000000,71547.0000000,71452.0000000,71480.0000000,11982
SPFB.Si,1,20160309,175400,71480.0000000,71501.0000000,71404.0000000,71404.0000000,11834
SPFB.Si,1,20160309,175500,71403.0000000,71417.0000000,71374.0000000,71413.0000000,10253
SPFB.Si,1,20160309,175600,71411.0000000,71411.0000000,71353.0000000,71353.0000000,10144
SPFB.Si,1,20160309,175700,71353.0000000,71357.0000000,71284.0000000,71351.0000000,13818
SPFB.Si,1,20160309,175800,71353.0000000,71358.0000000,71299.0000000,71350.0000000,8427
SPFB.Si,1,20160309,175900,71349.0000000,71352.0000000,71302.0000000,71304.0000000,4399
SPFB.Si,1,20160309,180000,71307.0000000,71343.0000000,71292.0000000,71305.0000000,9117
SPFB.Si,1,20160309,180100,71305.0000000,71312.0000000,71151.0000000,71171.0000000,42633
SPFB.Si,1,20160309,180200,71170.0000000,71216.0000000,71118.0000000,71212.0000000,21703
SPFB.Si,1,20160309,180300,71214.0000000,71297.0000000,71194.0000000,71273.0000000,14784
SPFB.Si,1,20160309,180400,71273.0000000,71287.0000000,71187.0000000,71188.0000000,8814
SPFB.Si,1,20160309,180500,71191.0000000,71277.0000000,71158.0000000,71277.0000000,14134
SPFB.Si,1,20160309,180600,71277.0000000,71365.0000000,71230.0000000,71353.0000000,14288
SPFB.Si,1,20160309,180700,71354.0000000,71391.0000000,71352.0000000,71386.0000000,7214
SPFB.Si,1,20160309,180800,71386.0000000,71448.0000000,71379.0000000,71420.0000000,14037
SPFB.Si,1,20160309,180900,71420.0000000,71422.0000000,71334.0000000,71344.0000000,12098
SPFB.Si,1,20160309,181000,71340.0000000,71376.0000000,71318.0000000,71371.0000000,6847
SPFB.Si,1,20160309,181100,71375.0000000,71391.0000000,71280.0000000,71324.0000000,10252
SPFB.Si,1,20160309,181200,71324.0000000,71348.0000000,71300.0000000,71322.0000000,3336
SPFB.Si,1,20160309,181300,71320.0000000,71323.0000000,71273.0000000,71293.0000000,3919
SPFB.Si,1,20160309,181400,71293.0000000,71336.0000000,71274.0000000,71325.0000000,4515
SPFB.Si,1,20160309,181500,71321.0000000,71329.0000000,71279.0000000,71297.0000000,2431
SPFB.Si,1,20160309,181600,71301.0000000,71302.0000000,71200.0000000,71215.0000000,7719
SPFB.Si,1,20160309,181700,71207.0000000,71230.0000000,71174.0000000,71223.0000000,8781
SPFB.Si,1,20160309,181800,71222.0000000,71263.0000000,71196.0000000,71252.0000000,5467
SPFB.Si,1,20160309,181900,71253.0000000,71272.0000000,71240.0000000,71268.0000000,5820
SPFB.Si,1,20160309,182000,71267.0000000,71309.0000000,71259.0000000,71260.0000000,5664
SPFB.Si,1,20160309,182100,71262.0000000,71302.0000000,71251.0000000,71289.0000000,4081
SPFB.Si,1,20160309,182200,71288.0000000,71337.0000000,71267.0000000,71332.0000000,3695
SPFB.Si,1,20160309,182300,71335.0000000,71341.0000000,71272.0000000,71276.0000000,5126
SPFB.Si,1,20160309,182400,71277.0000000,71277.0000000,71213.0000000,71213.0000000,10395
SPFB.Si,1,20160309,182500,71214.0000000,71257.0000000,71203.0000000,71203.0000000,8943
SPFB.Si,1,20160309,182600,71205.0000000,71248.0000000,71201.0000000,71214.0000000,8598
SPFB.Si,1,20160309,182700,71217.0000000,71223.0000000,71184.0000000,71200.0000000,3326
SPFB.Si,1,20160309,182800,71200.0000000,71240.0000000,71197.0000000,71239.0000000,6572
SPFB.Si,1,20160309,182900,71235.0000000,71276.0000000,71201.0000000,71216.0000000,6890
SPFB.Si,1,20160309,183000,71213.0000000,71242.0000000,71150.0000000,71177.0000000,10280
SPFB.Si,1,20160309,183100,71175.0000000,71230.0000000,71000.0000000,71046.0000000,76398
SPFB.Si,1,20160309,183200,71041.0000000,71048.0000000,70877.0000000,70906.0000000,34184
SPFB.Si,1,20160309,183300,70908.0000000,71046.0000000,70877.0000000,71022.0000000,30676
SPFB.Si,1,20160309,183400,71021.0000000,71088.0000000,71002.0000000,71088.0000000,18505
SPFB.Si,1,20160309,183500,71082.0000000,71182.0000000,71064.0000000,71077.0000000,21278
SPFB.Si,1,20160309,183600,71075.0000000,71107.0000000,70922.0000000,70940.0000000,18484
SPFB.Si,1,20160309,183700,70932.0000000,70969.0000000,70886.0000000,70937.0000000,18846
SPFB.Si,1,20160309,183800,70940.0000000,70963.0000000,70866.0000000,70879.0000000,21747
SPFB.Si,1,20160309,183900,70882.0000000,70965.0000000,70841.0000000,70958.0000000,21320
SPFB.Si,1,20160309,184000,70959.0000000,71060.0000000,70957.0000000,71017.0000000,12694
SPFB.Si,1,20160309,184100,71018.0000000,71029.0000000,70925.0000000,71010.0000000,11869
SPFB.Si,1,20160309,184200,71013.0000000,71086.0000000,71003.0000000,71046.0000000,8688
SPFB.Si,1,20160309,184300,71045.0000000,71144.0000000,71044.0000000,71128.0000000,9117
SPFB.Si,1,20160309,184400,71130.0000000,71160.0000000,71079.0000000,71091.0000000,5651
SPFB.Si,1,20160309,184500,71091.0000000,71102.0000000,71033.0000000,71074.0000000,10375
SPFB.Si,1,20160309,190100,71110.0000000,71185.0000000,71110.0000000,71184.0000000,10457
SPFB.Si,1,20160309,190200,71184.0000000,71228.0000000,71144.0000000,71178.0000000,7040
SPFB.Si,1,20160309,190300,71178.0000000,71210.0000000,71159.0000000,71163.0000000,2127
SPFB.Si,1,20160309,190400,71161.0000000,71245.0000000,71161.0000000,71190.0000000,5466
SPFB.Si,1,20160309,190500,71186.0000000,71260.0000000,71186.0000000,71260.0000000,6128
SPFB.Si,1,20160309,190600,71257.0000000,71288.0000000,71222.0000000,71224.0000000,6889
SPFB.Si,1,20160309,190700,71223.0000000,71348.0000000,71222.0000000,71303.0000000,9428
SPFB.Si,1,20160309,190800,71303.0000000,71340.0000000,71298.0000000,71319.0000000,5025
SPFB.Si,1,20160309,190900,71317.0000000,71340.0000000,71300.0000000,71314.0000000,2308
SPFB.Si,1,20160309,191000,71311.0000000,71337.0000000,71277.0000000,71298.0000000,5349
SPFB.Si,1,20160309,191100,71298.0000000,71338.0000000,71296.0000000,71326.0000000,5093
SPFB.Si,1,20160309,191200,71326.0000000,71368.0000000,71296.0000000,71300.0000000,7058
SPFB.Si,1,20160309,191300,71300.0000000,71344.0000000,71300.0000000,71331.0000000,3275
SPFB.Si,1,20160309,191400,71331.0000000,71338.0000000,71314.0000000,71331.0000000,1705
SPFB.Si,1,20160309,191500,71329.0000000,71361.0000000,71320.0000000,71352.0000000,2465
SPFB.Si,1,20160309,191600,71354.0000000,71370.0000000,71333.0000000,71345.0000000,4250
SPFB.Si,1,20160309,191700,71350.0000000,71353.0000000,71329.0000000,71346.0000000,3481
SPFB.Si,1,20160309,191800,71347.0000000,71388.0000000,71325.0000000,71351.0000000,4073
SPFB.Si,1,20160309,191900,71348.0000000,71385.0000000,71317.0000000,71382.0000000,4795
SPFB.Si,1,20160309,192000,71381.0000000,71399.0000000,71353.0000000,71393.0000000,2712
SPFB.Si,1,20160309,192100,71393.0000000,71419.0000000,71368.0000000,71408.0000000,5565
SPFB.Si,1,20160309,192200,71408.0000000,71475.0000000,71389.0000000,71445.0000000,8521
SPFB.Si,1,20160309,192300,71445.0000000,71448.0000000,71361.0000000,71389.0000000,6429
SPFB.Si,1,20160309,192400,71401.0000000,71462.0000000,71391.0000000,71441.0000000,5597
SPFB.Si,1,20160309,192500,71437.0000000,71442.0000000,71361.0000000,71374.0000000,4671
SPFB.Si,1,20160309,192600,71374.0000000,71387.0000000,71301.0000000,71342.0000000,12381
SPFB.Si,1,20160309,192700,71342.0000000,71379.0000000,71340.0000000,71366.0000000,3996
SPFB.Si,1,20160309,192800,71370.0000000,71392.0000000,71316.0000000,71327.0000000,2726
SPFB.Si,1,20160309,192900,71324.0000000,71343.0000000,71287.0000000,71299.0000000,6603
SPFB.Si,1,20160309,193000,71300.0000000,71314.0000000,71240.0000000,71243.0000000,8860
SPFB.Si,1,20160309,193100,71243.0000000,71282.0000000,71138.0000000,71180.0000000,20289
SPFB.Si,1,20160309,193200,71179.0000000,71254.0000000,71175.0000000,71233.0000000,3801
SPFB.Si,1,20160309,193300,71233.0000000,71248.0000000,71209.0000000,71224.0000000,1880
SPFB.Si,1,20160309,193400,71222.0000000,71260.0000000,71200.0000000,71247.0000000,3482
SPFB.Si,1,20160309,193500,71253.0000000,71282.0000000,71235.0000000,71268.0000000,2265
SPFB.Si,1,20160309,193600,71265.0000000,71327.0000000,71233.0000000,71301.0000000,5439
SPFB.Si,1,20160309,193700,71299.0000000,71304.0000000,71215.0000000,71273.0000000,3748
SPFB.Si,1,20160309,193800,71271.0000000,71308.0000000,71238.0000000,71299.0000000,1371
SPFB.Si,1,20160309,193900,71296.0000000,71299.0000000,71240.0000000,71258.0000000,1754
SPFB.Si,1,20160309,194000,71256.0000000,71271.0000000,71243.0000000,71260.0000000,759
SPFB.Si,1,20160309,194100,71255.0000000,71292.0000000,71238.0000000,71284.0000000,1747
SPFB.Si,1,20160309,194200,71280.0000000,71350.0000000,71271.0000000,71336.0000000,4255
SPFB.Si,1,20160309,194300,71336.0000000,71357.0000000,71298.0000000,71320.0000000,5007
SPFB.Si,1,20160309,194400,71320.0000000,71329.0000000,71302.0000000,71313.0000000,1624
SPFB.Si,1,20160309,194500,71313.0000000,71315.0000000,71278.0000000,71286.0000000,2310
SPFB.Si,1,20160309,194600,71286.0000000,71286.0000000,71243.0000000,71274.0000000,1913
SPFB.Si,1,20160309,194700,71270.0000000,71335.0000000,71270.0000000,71317.0000000,2015
SPFB.Si,1,20160309,194800,71312.0000000,71363.0000000,71301.0000000,71338.0000000,2820
SPFB.Si,1,20160309,194900,71336.0000000,71351.0000000,71315.0000000,71323.0000000,1286
SPFB.Si,1,20160309,195000,71319.0000000,71319.0000000,71274.0000000,71290.0000000,1600
SPFB.Si,1,20160309,195100,71290.0000000,71300.0000000,71270.0000000,71272.0000000,1450
SPFB.Si,1,20160309,195200,71273.0000000,71331.0000000,71271.0000000,71319.0000000,1993
SPFB.Si,1,20160309,195300,71313.0000000,71320.0000000,71282.0000000,71287.0000000,1455
SPFB.Si,1,20160309,195400,71284.0000000,71320.0000000,71277.0000000,71307.0000000,1326
SPFB.Si,1,20160309,195500,71308.0000000,71320.0000000,71304.0000000,71309.0000000,719
SPFB.Si,1,20160309,195600,71311.0000000,71378.0000000,71306.0000000,71358.0000000,1575
SPFB.Si,1,20160309,195700,71359.0000000,71370.0000000,71317.0000000,71338.0000000,917
SPFB.Si,1,20160309,195800,71333.0000000,71334.0000000,71292.0000000,71300.0000000,887
SPFB.Si,1,20160309,195900,71301.0000000,71320.0000000,71280.0000000,71301.0000000,1237
SPFB.Si,1,20160309,200000,71294.0000000,71321.0000000,71280.0000000,71285.0000000,3030
SPFB.Si,1,20160309,200100,71289.0000000,71316.0000000,71268.0000000,71310.0000000,4973
SPFB.Si,1,20160309,200200,71310.0000000,71324.0000000,71282.0000000,71296.0000000,1680
SPFB.Si,1,20160309,200300,71297.0000000,71315.0000000,71284.0000000,71315.0000000,1033
SPFB.Si,1,20160309,200400,71314.0000000,71340.0000000,71298.0000000,71313.0000000,1201
SPFB.Si,1,20160309,200500,71314.0000000,71320.0000000,71284.0000000,71299.0000000,1350
SPFB.Si,1,20160309,200600,71294.0000000,71328.0000000,71272.0000000,71276.0000000,2323
SPFB.Si,1,20160309,200700,71273.0000000,71273.0000000,71216.0000000,71229.0000000,2694
SPFB.Si,1,20160309,200800,71223.0000000,71227.0000000,71187.0000000,71220.0000000,3117
SPFB.Si,1,20160309,200900,71220.0000000,71231.0000000,71193.0000000,71225.0000000,3108
SPFB.Si,1,20160309,201000,71225.0000000,71228.0000000,71200.0000000,71200.0000000,1014
SPFB.Si,1,20160309,201100,71198.0000000,71212.0000000,71191.0000000,71209.0000000,1380
SPFB.Si,1,20160309,201200,71204.0000000,71231.0000000,71176.0000000,71230.0000000,4051
SPFB.Si,1,20160309,201300,71229.0000000,71239.0000000,71210.0000000,71218.0000000,1739
SPFB.Si,1,20160309,201400,71217.0000000,71232.0000000,71202.0000000,71232.0000000,1054
SPFB.Si,1,20160309,201500,71227.0000000,71231.0000000,71197.0000000,71210.0000000,1288
SPFB.Si,1,20160309,201600,71209.0000000,71213.0000000,71181.0000000,71209.0000000,3052
SPFB.Si,1,20160309,201700,71209.0000000,71250.0000000,71200.0000000,71243.0000000,1509
SPFB.Si,1,20160309,201800,71244.0000000,71253.0000000,71211.0000000,71218.0000000,1990
SPFB.Si,1,20160309,201900,71217.0000000,71225.0000000,71211.0000000,71220.0000000,317
SPFB.Si,1,20160309,202000,71215.0000000,71228.0000000,71201.0000000,71216.0000000,1189
SPFB.Si,1,20160309,202100,71212.0000000,71249.0000000,71210.0000000,71242.0000000,544
SPFB.Si,1,20160309,202200,71241.0000000,71259.0000000,71228.0000000,71253.0000000,1840
SPFB.Si,1,20160309,202300,71249.0000000,71260.0000000,71237.0000000,71260.0000000,1275
SPFB.Si,1,20160309,202400,71260.0000000,71270.0000000,71251.0000000,71256.0000000,567
SPFB.Si,1,20160309,202500,71257.0000000,71266.0000000,71237.0000000,71242.0000000,982
SPFB.Si,1,20160309,202600,71239.0000000,71255.0000000,71237.0000000,71247.0000000,970
SPFB.Si,1,20160309,202700,71247.0000000,71249.0000000,71221.0000000,71241.0000000,1209
SPFB.Si,1,20160309,202800,71241.0000000,71283.0000000,71237.0000000,71275.0000000,904
SPFB.Si,1,20160309,202900,71280.0000000,71281.0000000,71268.0000000,71276.0000000,364
SPFB.Si,1,20160309,203000,71277.0000000,71280.0000000,71266.0000000,71274.0000000,461
SPFB.Si,1,20160309,203100,71268.0000000,71271.0000000,71236.0000000,71244.0000000,1003
SPFB.Si,1,20160309,203200,71244.0000000,71255.0000000,71231.0000000,71240.0000000,620
SPFB.Si,1,20160309,203300,71242.0000000,71254.0000000,71227.0000000,71236.0000000,413
SPFB.Si,1,20160309,203400,71233.0000000,71240.0000000,71200.0000000,71230.0000000,1698
SPFB.Si,1,20160309,203500,71226.0000000,71226.0000000,71204.0000000,71220.0000000,532
SPFB.Si,1,20160309,203600,71218.0000000,71235.0000000,71207.0000000,71231.0000000,490
SPFB.Si,1,20160309,203700,71233.0000000,71242.0000000,71225.0000000,71236.0000000,405
SPFB.Si,1,20160309,203800,71232.0000000,71237.0000000,71210.0000000,71231.0000000,581
SPFB.Si,1,20160309,203900,71233.0000000,71241.0000000,71223.0000000,71233.0000000,1075
SPFB.Si,1,20160309,204000,71228.0000000,71238.0000000,71208.0000000,71214.0000000,1013
SPFB.Si,1,20160309,204100,71210.0000000,71226.0000000,71194.0000000,71200.0000000,1923
SPFB.Si,1,20160309,204200,71199.0000000,71232.0000000,71192.0000000,71219.0000000,2730
SPFB.Si,1,20160309,204300,71219.0000000,71238.0000000,71219.0000000,71230.0000000,1114
SPFB.Si,1,20160309,204400,71229.0000000,71232.0000000,71216.0000000,71229.0000000,399
SPFB.Si,1,20160309,204500,71229.0000000,71259.0000000,71226.0000000,71248.0000000,3564
SPFB.Si,1,20160309,204600,71246.0000000,71251.0000000,71221.0000000,71233.0000000,1503
SPFB.Si,1,20160309,204700,71228.0000000,71238.0000000,71219.0000000,71234.0000000,429
SPFB.Si,1,20160309,204800,71234.0000000,71272.0000000,71234.0000000,71267.0000000,1394
SPFB.Si,1,20160309,204900,71267.0000000,71276.0000000,71259.0000000,71264.0000000,729
SPFB.Si,1,20160309,205000,71260.0000000,71298.0000000,71259.0000000,71289.0000000,974
SPFB.Si,1,20160309,205100,71286.0000000,71294.0000000,71270.0000000,71270.0000000,601
SPFB.Si,1,20160309,205200,71270.0000000,71274.0000000,71245.0000000,71254.0000000,1780
SPFB.Si,1,20160309,205300,71254.0000000,71259.0000000,71235.0000000,71240.0000000,641
SPFB.Si,1,20160309,205400,71240.0000000,71250.0000000,71230.0000000,71247.0000000,469
SPFB.Si,1,20160309,205500,71248.0000000,71313.0000000,71243.0000000,71310.0000000,2001
SPFB.Si,1,20160309,205600,71309.0000000,71315.0000000,71299.0000000,71306.0000000,1140
SPFB.Si,1,20160309,205700,71304.0000000,71315.0000000,71298.0000000,71311.0000000,719
SPFB.Si,1,20160309,205800,71311.0000000,71315.0000000,71259.0000000,71276.0000000,1550
SPFB.Si,1,20160309,205900,71274.0000000,71301.0000000,71274.0000000,71286.0000000,487
SPFB.Si,1,20160309,210000,71287.0000000,71314.0000000,71263.0000000,71267.0000000,1697
SPFB.Si,1,20160309,210100,71269.0000000,71297.0000000,71249.0000000,71291.0000000,1147
SPFB.Si,1,20160309,210200,71289.0000000,71298.0000000,71280.0000000,71295.0000000,508
SPFB.Si,1,20160309,210300,71293.0000000,71312.0000000,71274.0000000,71290.0000000,2444
SPFB.Si,1,20160309,210400,71293.0000000,71312.0000000,71290.0000000,71299.0000000,2966
SPFB.Si,1,20160309,210500,71300.0000000,71308.0000000,71283.0000000,71303.0000000,1503
SPFB.Si,1,20160309,210600,71303.0000000,71329.0000000,71284.0000000,71289.0000000,2794
SPFB.Si,1,20160309,210700,71289.0000000,71306.0000000,71280.0000000,71298.0000000,1021
SPFB.Si,1,20160309,210800,71294.0000000,71340.0000000,71292.0000000,71309.0000000,3239
SPFB.Si,1,20160309,210900,71309.0000000,71342.0000000,71309.0000000,71335.0000000,1431
SPFB.Si,1,20160309,211000,71336.0000000,71338.0000000,71304.0000000,71307.0000000,1743
SPFB.Si,1,20160309,211100,71307.0000000,71320.0000000,71261.0000000,71272.0000000,3268
SPFB.Si,1,20160309,211200,71268.0000000,71277.0000000,71230.0000000,71245.0000000,1583
SPFB.Si,1,20160309,211300,71246.0000000,71277.0000000,71244.0000000,71260.0000000,1790
SPFB.Si,1,20160309,211400,71254.0000000,71258.0000000,71235.0000000,71246.0000000,2894
SPFB.Si,1,20160309,211500,71246.0000000,71283.0000000,71235.0000000,71261.0000000,718
SPFB.Si,1,20160309,211600,71259.0000000,71285.0000000,71250.0000000,71274.0000000,688
SPFB.Si,1,20160309,211700,71273.0000000,71282.0000000,71262.0000000,71282.0000000,460
SPFB.Si,1,20160309,211800,71276.0000000,71276.0000000,71256.0000000,71269.0000000,758
SPFB.Si,1,20160309,211900,71271.0000000,71312.0000000,71271.0000000,71298.0000000,1553
SPFB.Si,1,20160309,212000,71297.0000000,71310.0000000,71296.0000000,71306.0000000,619
SPFB.Si,1,20160309,212100,71303.0000000,71307.0000000,71294.0000000,71301.0000000,913
SPFB.Si,1,20160309,212200,71301.0000000,71321.0000000,71299.0000000,71310.0000000,1367
SPFB.Si,1,20160309,212300,71313.0000000,71329.0000000,71311.0000000,71328.0000000,933
SPFB.Si,1,20160309,212400,71327.0000000,71338.0000000,71323.0000000,71338.0000000,2258
SPFB.Si,1,20160309,212500,71338.0000000,71367.0000000,71330.0000000,71346.0000000,3144
SPFB.Si,1,20160309,212600,71346.0000000,71370.0000000,71337.0000000,71366.0000000,2058
SPFB.Si,1,20160309,212700,71368.0000000,71368.0000000,71325.0000000,71328.0000000,2086
SPFB.Si,1,20160309,212800,71331.0000000,71337.0000000,71316.0000000,71317.0000000,1872
SPFB.Si,1,20160309,212900,71320.0000000,71339.0000000,71315.0000000,71326.0000000,1561
SPFB.Si,1,20160309,213000,71327.0000000,71358.0000000,71327.0000000,71356.0000000,670
SPFB.Si,1,20160309,213100,71357.0000000,71360.0000000,71325.0000000,71325.0000000,1382
SPFB.Si,1,20160309,213200,71325.0000000,71339.0000000,71322.0000000,71336.0000000,523
SPFB.Si,1,20160309,213300,71336.0000000,71340.0000000,71305.0000000,71308.0000000,2400
SPFB.Si,1,20160309,213400,71307.0000000,71319.0000000,71305.0000000,71312.0000000,1206
SPFB.Si,1,20160309,213500,71312.0000000,71325.0000000,71310.0000000,71325.0000000,468
SPFB.Si,1,20160309,213600,71319.0000000,71324.0000000,71287.0000000,71307.0000000,1077
SPFB.Si,1,20160309,213700,71307.0000000,71317.0000000,71300.0000000,71314.0000000,411
SPFB.Si,1,20160309,213800,71311.0000000,71352.0000000,71311.0000000,71329.0000000,1272
SPFB.Si,1,20160309,213900,71330.0000000,71330.0000000,71285.0000000,71302.0000000,944
SPFB.Si,1,20160309,214000,71301.0000000,71314.0000000,71293.0000000,71306.0000000,783
SPFB.Si,1,20160309,214100,71303.0000000,71307.0000000,71284.0000000,71300.0000000,691
SPFB.Si,1,20160309,214200,71301.0000000,71309.0000000,71285.0000000,71290.0000000,846
SPFB.Si,1,20160309,214300,71287.0000000,71294.0000000,71281.0000000,71288.0000000,319
SPFB.Si,1,20160309,214400,71286.0000000,71300.0000000,71286.0000000,71292.0000000,530
SPFB.Si,1,20160309,214500,71290.0000000,71290.0000000,71271.0000000,71276.0000000,847
SPFB.Si,1,20160309,214600,71272.0000000,71279.0000000,71260.0000000,71272.0000000,992
SPFB.Si,1,20160309,214700,71272.0000000,71278.0000000,71263.0000000,71278.0000000,411
SPFB.Si,1,20160309,214800,71271.0000000,71274.0000000,71230.0000000,71231.0000000,1597
SPFB.Si,1,20160309,214900,71231.0000000,71249.0000000,71225.0000000,71242.0000000,1632
SPFB.Si,1,20160309,215000,71235.0000000,71240.0000000,71209.0000000,71213.0000000,2180
SPFB.Si,1,20160309,215100,71214.0000000,71232.0000000,71210.0000000,71223.0000000,1959
SPFB.Si,1,20160309,215200,71223.0000000,71234.0000000,71213.0000000,71216.0000000,702
SPFB.Si,1,20160309,215300,71215.0000000,71237.0000000,71210.0000000,71231.0000000,1262
SPFB.Si,1,20160309,215400,71228.0000000,71234.0000000,71213.0000000,71231.0000000,1100
SPFB.Si,1,20160309,215500,71228.0000000,71231.0000000,71192.0000000,71202.0000000,4979
SPFB.Si,1,20160309,215600,71206.0000000,71209.0000000,71196.0000000,71199.0000000,1880
SPFB.Si,1,20160309,215700,71196.0000000,71222.0000000,71194.0000000,71213.0000000,1010
SPFB.Si,1,20160309,215800,71211.0000000,71217.0000000,71196.0000000,71196.0000000,751
SPFB.Si,1,20160309,215900,71196.0000000,71216.0000000,71193.0000000,71209.0000000,1126
SPFB.Si,1,20160309,220000,71210.0000000,71237.0000000,71205.0000000,71221.0000000,1232
SPFB.Si,1,20160309,220100,71221.0000000,71248.0000000,71218.0000000,71236.0000000,857
SPFB.Si,1,20160309,220200,71236.0000000,71238.0000000,71214.0000000,71215.0000000,1026
SPFB.Si,1,20160309,220300,71212.0000000,71241.0000000,71203.0000000,71230.0000000,974
SPFB.Si,1,20160309,220400,71230.0000000,71250.0000000,71210.0000000,71218.0000000,589
SPFB.Si,1,20160309,220500,71214.0000000,71218.0000000,71206.0000000,71213.0000000,1099
SPFB.Si,1,20160309,220600,71212.0000000,71230.0000000,71210.0000000,71214.0000000,1139
SPFB.Si,1,20160309,220700,71214.0000000,71221.0000000,71197.0000000,71198.0000000,960
SPFB.Si,1,20160309,220800,71199.0000000,71234.0000000,71196.0000000,71234.0000000,1053
SPFB.Si,1,20160309,220900,71229.0000000,71251.0000000,71225.0000000,71231.0000000,1630
SPFB.Si,1,20160309,221000,71231.0000000,71234.0000000,71226.0000000,71230.0000000,221
SPFB.Si,1,20160309,221100,71228.0000000,71238.0000000,71223.0000000,71227.0000000,280
SPFB.Si,1,20160309,221200,71231.0000000,71244.0000000,71229.0000000,71233.0000000,283
SPFB.Si,1,20160309,221300,71232.0000000,71246.0000000,71203.0000000,71207.0000000,1263
SPFB.Si,1,20160309,221400,71208.0000000,71246.0000000,71203.0000000,71246.0000000,1395
SPFB.Si,1,20160309,221500,71245.0000000,71245.0000000,71224.0000000,71232.0000000,408
SPFB.Si,1,20160309,221600,71230.0000000,71234.0000000,71212.0000000,71214.0000000,714
SPFB.Si,1,20160309,221700,71211.0000000,71217.0000000,71190.0000000,71210.0000000,3080
SPFB.Si,1,20160309,221800,71206.0000000,71224.0000000,71200.0000000,71209.0000000,1582
SPFB.Si,1,20160309,221900,71205.0000000,71214.0000000,71201.0000000,71205.0000000,803
SPFB.Si,1,20160309,222000,71202.0000000,71206.0000000,71194.0000000,71198.0000000,2832
SPFB.Si,1,20160309,222100,71202.0000000,71215.0000000,71195.0000000,71207.0000000,677
SPFB.Si,1,20160309,222200,71207.0000000,71217.0000000,71190.0000000,71198.0000000,1240
SPFB.Si,1,20160309,222300,71196.0000000,71221.0000000,71191.0000000,71215.0000000,2091
SPFB.Si,1,20160309,222400,71211.0000000,71214.0000000,71196.0000000,71210.0000000,2101
SPFB.Si,1,20160309,222500,71210.0000000,71225.0000000,71200.0000000,71201.0000000,1104
SPFB.Si,1,20160309,222600,71204.0000000,71212.0000000,71195.0000000,71209.0000000,1251
SPFB.Si,1,20160309,222700,71204.0000000,71212.0000000,71189.0000000,71195.0000000,641
SPFB.Si,1,20160309,222800,71196.0000000,71200.0000000,71182.0000000,71189.0000000,3112
SPFB.Si,1,20160309,222900,71188.0000000,71188.0000000,71088.0000000,71100.0000000,12677
SPFB.Si,1,20160309,223000,71104.0000000,71123.0000000,71058.0000000,71071.0000000,10046
SPFB.Si,1,20160309,223100,71074.0000000,71114.0000000,71050.0000000,71108.0000000,5850
SPFB.Si,1,20160309,223200,71108.0000000,71141.0000000,71102.0000000,71140.0000000,4241
SPFB.Si,1,20160309,223300,71140.0000000,71146.0000000,71124.0000000,71145.0000000,1562
SPFB.Si,1,20160309,223400,71141.0000000,71173.0000000,71135.0000000,71162.0000000,2816
SPFB.Si,1,20160309,223500,71162.0000000,71180.0000000,71145.0000000,71158.0000000,1061
SPFB.Si,1,20160309,223600,71151.0000000,71188.0000000,71147.0000000,71178.0000000,1960
SPFB.Si,1,20160309,223700,71180.0000000,71181.0000000,71139.0000000,71142.0000000,1518
SPFB.Si,1,20160309,223800,71143.0000000,71148.0000000,71128.0000000,71132.0000000,2440
SPFB.Si,1,20160309,223900,71137.0000000,71162.0000000,71134.0000000,71160.0000000,651
SPFB.Si,1,20160309,224000,71160.0000000,71176.0000000,71157.0000000,71168.0000000,891
SPFB.Si,1,20160309,224100,71168.0000000,71186.0000000,71160.0000000,71162.0000000,976
SPFB.Si,1,20160309,224200,71163.0000000,71175.0000000,71159.0000000,71159.0000000,385
SPFB.Si,1,20160309,224300,71160.0000000,71168.0000000,71145.0000000,71150.0000000,663
SPFB.Si,1,20160309,224400,71149.0000000,71170.0000000,71149.0000000,71166.0000000,853
SPFB.Si,1,20160309,224500,71166.0000000,71175.0000000,71159.0000000,71159.0000000,566
SPFB.Si,1,20160309,224600,71157.0000000,71164.0000000,71141.0000000,71149.0000000,1125
SPFB.Si,1,20160309,224700,71149.0000000,71162.0000000,71141.0000000,71157.0000000,644
SPFB.Si,1,20160309,224800,71157.0000000,71174.0000000,71157.0000000,71166.0000000,1830
SPFB.Si,1,20160309,224900,71166.0000000,71174.0000000,71155.0000000,71155.0000000,231
SPFB.Si,1,20160309,225000,71156.0000000,71197.0000000,71156.0000000,71188.0000000,2422
SPFB.Si,1,20160309,225100,71184.0000000,71193.0000000,71175.0000000,71176.0000000,799
SPFB.Si,1,20160309,225200,71176.0000000,71193.0000000,71173.0000000,71183.0000000,284
SPFB.Si,1,20160309,225300,71182.0000000,71197.0000000,71179.0000000,71194.0000000,882
SPFB.Si,1,20160309,225400,71193.0000000,71202.0000000,71190.0000000,71196.0000000,1642
SPFB.Si,1,20160309,225500,71196.0000000,71197.0000000,71187.0000000,71189.0000000,108
SPFB.Si,1,20160309,225600,71190.0000000,71197.0000000,71182.0000000,71192.0000000,443
SPFB.Si,1,20160309,225700,71192.0000000,71200.0000000,71178.0000000,71178.0000000,1127
SPFB.Si,1,20160309,225800,71182.0000000,71182.0000000,71168.0000000,71172.0000000,450
SPFB.Si,1,20160309,225900,71171.0000000,71175.0000000,71162.0000000,71164.0000000,162
SPFB.Si,1,20160309,230000,71163.0000000,71163.0000000,71146.0000000,71152.0000000,634
SPFB.Si,1,20160309,230100,71154.0000000,71180.0000000,71141.0000000,71167.0000000,1375
SPFB.Si,1,20160309,230200,71169.0000000,71186.0000000,71166.0000000,71185.0000000,349
SPFB.Si,1,20160309,230300,71184.0000000,71199.0000000,71183.0000000,71190.0000000,697
SPFB.Si,1,20160309,230400,71187.0000000,71193.0000000,71178.0000000,71181.0000000,369
SPFB.Si,1,20160309,230500,71181.0000000,71196.0000000,71180.0000000,71190.0000000,396
SPFB.Si,1,20160309,230600,71192.0000000,71198.0000000,71187.0000000,71195.0000000,563
SPFB.Si,1,20160309,230700,71196.0000000,71196.0000000,71165.0000000,71183.0000000,1613
SPFB.Si,1,20160309,230800,71183.0000000,71188.0000000,71171.0000000,71175.0000000,470
SPFB.Si,1,20160309,230900,71171.0000000,71191.0000000,71169.0000000,71190.0000000,346
SPFB.Si,1,20160309,231000,71187.0000000,71196.0000000,71182.0000000,71190.0000000,253
SPFB.Si,1,20160309,231100,71188.0000000,71197.0000000,71184.0000000,71197.0000000,774
SPFB.Si,1,20160309,231200,71194.0000000,71210.0000000,71185.0000000,71193.0000000,1041
SPFB.Si,1,20160309,231300,71191.0000000,71200.0000000,71178.0000000,71193.0000000,859
SPFB.Si,1,20160309,231400,71192.0000000,71196.0000000,71182.0000000,71194.0000000,93
SPFB.Si,1,20160309,231500,71196.0000000,71208.0000000,71189.0000000,71189.0000000,834
SPFB.Si,1,20160309,231600,71186.0000000,71202.0000000,71147.0000000,71151.0000000,3070
SPFB.Si,1,20160309,231700,71150.0000000,71164.0000000,71146.0000000,71164.0000000,603
SPFB.Si,1,20160309,231800,71163.0000000,71165.0000000,71149.0000000,71158.0000000,632
SPFB.Si,1,20160309,231900,71154.0000000,71165.0000000,71150.0000000,71158.0000000,450
SPFB.Si,1,20160309,232000,71155.0000000,71162.0000000,71150.0000000,71154.0000000,189
SPFB.Si,1,20160309,232100,71157.0000000,71165.0000000,71149.0000000,71149.0000000,521
SPFB.Si,1,20160309,232200,71155.0000000,71161.0000000,71145.0000000,71155.0000000,422
SPFB.Si,1,20160309,232300,71153.0000000,71167.0000000,71138.0000000,71167.0000000,1090
SPFB.Si,1,20160309,232400,71167.0000000,71185.0000000,71158.0000000,71183.0000000,1154
SPFB.Si,1,20160309,232500,71181.0000000,71189.0000000,71173.0000000,71188.0000000,796
SPFB.Si,1,20160309,232600,71188.0000000,71190.0000000,71179.0000000,71182.0000000,552
SPFB.Si,1,20160309,232700,71182.0000000,71188.0000000,71166.0000000,71177.0000000,312
SPFB.Si,1,20160309,232800,71172.0000000,71191.0000000,71163.0000000,71188.0000000,741
SPFB.Si,1,20160309,232900,71187.0000000,71198.0000000,71182.0000000,71183.0000000,568
SPFB.Si,1,20160309,233000,71183.0000000,71206.0000000,71183.0000000,71199.0000000,1117
SPFB.Si,1,20160309,233100,71199.0000000,71209.0000000,71196.0000000,71206.0000000,894
SPFB.Si,1,20160309,233200,71204.0000000,71225.0000000,71204.0000000,71225.0000000,2470
SPFB.Si,1,20160309,233300,71222.0000000,71247.0000000,71222.0000000,71228.0000000,887
SPFB.Si,1,20160309,233400,71227.0000000,71233.0000000,71198.0000000,71222.0000000,757
SPFB.Si,1,20160309,233500,71220.0000000,71234.0000000,71206.0000000,71216.0000000,1156
SPFB.Si,1,20160309,233600,71213.0000000,71224.0000000,71210.0000000,71215.0000000,502
SPFB.Si,1,20160309,233700,71211.0000000,71221.0000000,71209.0000000,71216.0000000,796
SPFB.Si,1,20160309,233800,71216.0000000,71221.0000000,71199.0000000,71206.0000000,567
SPFB.Si,1,20160309,233900,71206.0000000,71216.0000000,71191.0000000,71213.0000000,496
SPFB.Si,1,20160309,234000,71210.0000000,71218.0000000,71207.0000000,71215.0000000,394
SPFB.Si,1,20160309,234100,71214.0000000,71218.0000000,71201.0000000,71210.0000000,1177
SPFB.Si,1,20160309,234200,71209.0000000,71216.0000000,71182.0000000,71185.0000000,1102
SPFB.Si,1,20160309,234300,71182.0000000,71195.0000000,71180.0000000,71190.0000000,504
SPFB.Si,1,20160309,234400,71187.0000000,71193.0000000,71172.0000000,71172.0000000,1154
SPFB.Si,1,20160309,234500,71172.0000000,71182.0000000,71167.0000000,71172.0000000,815
SPFB.Si,1,20160309,234600,71170.0000000,71191.0000000,71153.0000000,71182.0000000,1718
SPFB.Si,1,20160309,234700,71180.0000000,71188.0000000,71170.0000000,71184.0000000,887
SPFB.Si,1,20160309,234800,71184.0000000,71196.0000000,71184.0000000,71190.0000000,815
SPFB.Si,1,20160309,234900,71190.0000000,71200.0000000,71190.0000000,71199.0000000,860
SPFB.Si,1,20160309,235000,71200.0000000,71238.0000000,71184.0000000,71222.0000000,2131
